id,title,text,rating,country,author,created_at,cleaned_text
6578834983,New Update,"The new update is absolutely annoying. I can’t see recent posts without having to click on older posts from people I follow. And if I don’t click on that it just displays ONE new picture from someone I follow. Every time I get on this app all I see is that. Which at this point has gotten on my nerves. Just that one recent picture which is 7 hours old now. Even if I refresh the page I don’t get an update of recent posts with other people I follow. Before the new update it changes constantly and I know some people that I do follow post on a daily basic. Change the format back. I rather scroll on my feed to see post of people I FOLLOW. Not the stupid suggest posts on my feeds. Change it back to how it was. This is incredibly stupid. It’s more stupid having another button to see older posts on my personal page. Stop putting explore page videos/posts of people I do not follow on the personal page. I get on Instagram multiple times a day and I do use the explore page a lot. Keep the personal page separate from the explore page. That is beyond ridiculous. Why are you changing the format? I don’t want to see suggested posts on my personal page. Change it back to where when I scroll on my personal page, it just displays posts from people I follow. Stop including the explore page on the personal page. KEEP THEM SEPARATE. Literally have a personal page button and an explore page button for a reason. Keep it that way.",1,us,NiksM.,2020-10-27T10:09:22Z,"New Update. The new update is absolutely annoying. I can’t see recent posts without having to click on older posts from people I follow. And if I don’t click on that it just displays ONE new picture from someone I follow. Every time I get on this app all I see is that. Which at this point has gotten on my nerves. Just that one recent picture which is 7 hours old now. Even if I refresh the page I don’t get an update of recent posts with other people I follow. Before the new update it changes constantly and I know some people that I do follow post on a daily basic. Change the format back. I rather scroll on my feed to see post of people I FOLLOW. Not the stupid suggest posts on my feeds. Change it back to how it was. This is incredibly stupid. It’s more stupid having another button to see older posts on my personal page. Stop putting explore page videos/posts of people I do not follow on the personal page. I get on Instagram multiple times a day and I do use the explore page a lot. Keep the personal page separate from the explore page. That is beyond ridiculous. Why are you changing the format? I don’t want to see suggested posts on my personal page. Change it back to where when I scroll on my personal page, it just displays posts from people I follow. Stop including the explore page on the personal page. KEEP THEM SEPARATE. Literally have a personal page button and an explore page button for a reason. Keep it that way."
10129829441,Better service,"I’ve been using the app instagram for as long as I can remember. I can say that it is a part of me in a good way. I haven’t always followed the rules but for the most part being on the app was a great experience. As someone with a growing platform and growing instagram account, I can say that when you are in need of some help there’s not really anyone to call on. The email and number are from my experience never used, which makes both ways to contact them pointless. But another thing is is the biometric identification bot, is an obstacle to pass. I recently have been trying to access my account and it’s been a nightmare. So likewise I’ve been searching and watching online videos and reading sources on how to pass the “obstacle”. I feel like human review should be put to use more simply because it’s hard for an ai to understand something less perplexed. I think the ai  wants you to be perfect which is going to be hard for a lot of people. Currently writing this review I have not gotten fully into my account due to the 2fa which is the start of the problem, but hopefully I can get back into my account this week.  In conclusion, the app is great but there are some things that needs to be worked on and changed. For example the identification verification bot and a little more but that’s all. A tip before I finish is to get your 8 digit codes because those will be a life saver (while you have access to your account).",1,us,Developer help needed,2023-07-11T22:24:26Z,"Better service. I’ve been using the app instagram for as long as I can remember. I can say that it is a part of me in a good way. I haven’t always followed the rules but for the most part being on the app was a great experience. As someone with a growing platform and growing instagram account, I can say that when you are in need of some help there’s not really anyone to call on. The email and number are from my experience never used, which makes both ways to contact them pointless. But another thing is is the biometric identification bot, is an obstacle to pass. I recently have been trying to access my account and it’s been a nightmare. So likewise I’ve been searching and watching online videos and reading sources on how to pass the “obstacle”. I feel like human review should be put to use more simply because it’s hard for an ai to understand something less perplexed. I think the ai wants you to be perfect which is going to be hard for a lot of people. Currently writing this review I have not gotten fully into my account due to the 2fa which is the start of the problem, but hopefully I can get back into my account this week. In conclusion, the app is great but there are some things that needs to be worked on and changed. For example the identification verification bot and a little more but that’s all. A tip before I finish is to get your 8 digit codes because those will be a life saver (while you have access to your account)."
12502913226,App has been glitching for months with no response from IG,"I’ve had this glitch for months. The space where my own posts would be on my profile looks solid black, I can’t click on any reels at all and watch them. I can like posts but I can’t click on the comments section and read them. I can’t click on anyone’s name and go to their profile. I can open a dm and respond but I can’t click on a reel if a friend sends one. The workaround has been having to go to settings and log out of my account and back in. Then I would have full functionality back, usually until I close out of the app then the next time I open it again it would be the same problem. I tried offloading, deleting, reinstalling, and restarting my phone. I figured the problem might be because I was out of storage and not able to update my IOS. I was too busy with school so I just dealt with it. Now as of yesterday I can’t even click on the hamburger icon to log out, so I’m totally stuck I can’t use the app hardly at all. I finally made time to clean up storage and download new IOS 18. IG is still having the same problem. I tried deleting IG again and everything. I’ve reported the problem to IG probably 20 times over the last few months as well. It says there are no restrictions or problems with my account it’s definitely a problem with the mobile app. I’m bummed because I basically can’t use Instagram at all now and I have no clue what to do.",1,us,AJS1388,2025-04-04T15:04:15Z,"App has been glitching for months with no response from IG. I’ve had this glitch for months. The space where my own posts would be on my profile looks solid black, I can’t click on any reels at all and watch them. I can like posts but I can’t click on the comments section and read them. I can’t click on anyone’s name and go to their profile. I can open a dm and respond but I can’t click on a reel if a friend sends one. The workaround has been having to go to settings and log out of my account and back in. Then I would have full functionality back, usually until I close out of the app then the next time I open it again it would be the same problem. I tried offloading, deleting, reinstalling, and restarting my phone. I figured the problem might be because I was out of storage and not able to update my IOS. I was too busy with school so I just dealt with it. Now as of yesterday I can’t even click on the hamburger icon to log out, so I’m totally stuck I can’t use the app hardly at all. I finally made time to clean up storage and download new IOS 18. IG is still having the same problem. I tried deleting IG again and everything. I’ve reported the problem to IG probably 20 times over the last few months as well. It says there are no restrictions or problems with my account it’s definitely a problem with the mobile app. I’m bummed because I basically can’t use Instagram at all now and I have no clue what to do."
12266423021,No real connection,"Instagram has been my preferred choice of social media for about 5-6 years now but lately it has become almost unbearable to use. It has gotten the full ""Facebookifacation"" of the platform. Nearly everything on your feed is either an ad or a ""suggested for you"" post. Of those you follow, you might see their content every 4-5th post on your feed. This isn't ""connecting with friends"" or ""expanding community"" anymore, it's strictly content to keep you on the platform scrolling till you find something to either zone out about or get angry over. I wish there was a way to turn off ""Meta Ai"" and all ""suggested content"" but they won't be doing that since that's how they're gobbling up billions of dollars and syphoning information off their users. It's really turning into an unusable, boring, low info app just like every other failed social media platform. I anticipate that pretty soon most of the users will be Ai and bots because there's very little to no true human connection happening on any of the Meta platforms (a problem along all social media platforms but ESPECIALLY bad with Meta since Facebook has all he problems I've laid out just on steroids.) This has been my review, Mark if you're reading this, let people opt out of Meta Ai, let them turn off suggested posts and your platform would instantly be MUCH more usable and engaging, you can still run your plethora of Ads and gobble up your billions that way.",2,us,Bdawk511,2025-02-03T17:04:38Z,"No real connection. Instagram has been my preferred choice of social media for about 5-6 years now but lately it has become almost unbearable to use. It has gotten the full ""Facebookifacation"" of the platform. Nearly everything on your feed is either an ad or a ""suggested for you"" post. Of those you follow, you might see their content every 4-5th post on your feed. This isn't ""connecting with friends"" or ""expanding community"" anymore, it's strictly content to keep you on the platform scrolling till you find something to either zone out about or get angry over. I wish there was a way to turn off ""Meta Ai"" and all ""suggested content"" but they won't be doing that since that's how they're gobbling up billions of dollars and syphoning information off their users. It's really turning into an unusable, boring, low info app just like every other failed social media platform. I anticipate that pretty soon most of the users will be Ai and bots because there's very little to no true human connection happening on any of the Meta platforms (a problem along all social media platforms but ESPECIALLY bad with Meta since Facebook has all he problems I've laid out just on steroids.) This has been my review, Mark if you're reading this, let people opt out of Meta Ai, let them turn off suggested posts and your platform would instantly be MUCH more usable and engaging, you can still run your plethora of Ads and gobble up your billions that way."
4095983874,Needs major improvement,"I love this app, most of the time. However, it has been a long while since they’ve laid out some features that I am unable to use on my old profile, such as the music feature on the story option. I’ve noticed my newer personal profile has the ability to use this. But I use my business profile more than anything and I’ve written Instagram in regards to this over several different times. It’s frustrating! What’s also frustrating is the fact that NOTHING is in chronological order and it makes me want to throw my phone. I no longer see posts friends make for days on end, sometimes not ever. I have to actually click their profile to see they’ve actually been posting and I hadn’t seen not one of their new posts. Same for comments. Interacting via comments on other people’s IG that may have a lot of followers can be crappy. I can never find the comment I made to go back to it and I don’t get any notifications on who liked it to even be able to find it. Please fix ASAP! Also, it’s been crashing a lot lately when I create a story. Makes me wanna just promote my Snapchat instead. :( 

I’m not sure who handles responses to problems reported, but unless I’m reporting a post it seems like I’ll never get a response on anything else. For you all to have such a big company with major people of influence using your platform, you’d think your customer service would be a little better. I don’t care how many millions of people are using it. Supply and demand! Hire more people or sell it to someone who will staff more people to respond to your loyal users. It’s getting out of hand.",5,us,Miss Lyric,2019-05-03T20:51:14Z,"Needs major improvement. I love this app, most of the time. However, it has been a long while since they’ve laid out some features that I am unable to use on my old profile, such as the music feature on the story option. I’ve noticed my newer personal profile has the ability to use this. But I use my business profile more than anything and I’ve written Instagram in regards to this over several different times. It’s frustrating! What’s also frustrating is the fact that NOTHING is in chronological order and it makes me want to throw my phone. I no longer see posts friends make for days on end, sometimes not ever. I have to actually click their profile to see they’ve actually been posting and I hadn’t seen not one of their new posts. Same for comments. Interacting via comments on other people’s IG that may have a lot of followers can be crappy. I can never find the comment I made to go back to it and I don’t get any notifications on who liked it to even be able to find it. Please fix ASAP! Also, it’s been crashing a lot lately when I create a story. Makes me wanna just promote my Snapchat instead. :( I’m not sure who handles responses to problems reported, but unless I’m reporting a post it seems like I’ll never get a response on anything else. For you all to have such a big company with major people of influence using your platform, you’d think your customer service would be a little better. I don’t care how many millions of people are using it. Supply and demand! Hire more people or sell it to someone who will staff more people to respond to your loyal users. It’s getting out of hand."
11110778845,I’m unable to comment,"So I checked the community guidelines in reference to liking commenting, limiting comments and likes and all that stuff and I was like OK interesting!!! I wasn’t in any violation of anything. My account was not reported for anything or another of that nature and it does it matter if it’s a friend or celebrity or strangers account that I would post to try to post a comment on or like it would not go. So it would allow me to like a post but if I go back to it sometimes it like it’s not there sometimes it is still there but forest commenting on a post, it gave me an error and told me to retry and it would say something about community and I’m like my comment is negative directory sexually explicit mean or any of that nature and I don’t stalk people. I don’t do none of that stuff so I am confused as to why I’m unable to comment on a post and say congratulations or be like whatever you know it’s crazy. and like I said before, I’m not stalking nobody even being rude or mean to nobody, and it shows that my account was not reported for anything or blocked or anything like that and also it showed that I still had access to all features of this app but it seems like everything’s a lie and then it said to update my app. My app is updated so I don’t know what’s going on so maybe you guys can explain to me why I am unable to comment on family members friends in anyone’s post.",2,us,Mirror Eyez,2024-04-01T19:51:59Z,"I’m unable to comment. So I checked the community guidelines in reference to liking commenting, limiting comments and likes and all that stuff and I was like OK interesting!!! I wasn’t in any violation of anything. My account was not reported for anything or another of that nature and it does it matter if it’s a friend or celebrity or strangers account that I would post to try to post a comment on or like it would not go. So it would allow me to like a post but if I go back to it sometimes it like it’s not there sometimes it is still there but forest commenting on a post, it gave me an error and told me to retry and it would say something about community and I’m like my comment is negative directory sexually explicit mean or any of that nature and I don’t stalk people. I don’t do none of that stuff so I am confused as to why I’m unable to comment on a post and say congratulations or be like whatever you know it’s crazy. and like I said before, I’m not stalking nobody even being rude or mean to nobody, and it shows that my account was not reported for anything or blocked or anything like that and also it showed that I still had access to all features of this app but it seems like everything’s a lie and then it said to update my app. My app is updated so I don’t know what’s going on so maybe you guys can explain to me why I am unable to comment on family members friends in anyone’s post."
13716364047,5 stars so this appears,"Your moderation is straight TERRIBLE. I’m dead serious. Quit using “meta AI” and use actual real human beings. I know you guys have money to employ people but you’re just lazy bums that don’t wanna check behind ARTIFICIAL intelligence. They aren’t smart at all. How are you going to try restricting MY ACCOUNT, for another person logging into it when it’s connected to MY EMAIL, MY PHONE NUMBER, and has MY DETAILS. Not only that but you IP ban people who haven’t done the thing you’re trying to ban them for! You’re actually trash. And the fact you make it so difficult to appeal and to contact support is ridiculous and you all know it. You have that chud being a part of Facebook, twitter, and instagram. All of them are trash too. I have reported people who are ACTUALLY exploiting minors for sexual content but you want to harass my friend just trying to talk to her friends. She hasn’t commented or posted anything that violates guidelines, but since you have a team of lazy ai SCUM, you don’t even care to check. I even put in my ID for verification in FULL HIGH QUALITY. Yet it doesn’t go through? Oh now what, your clanker buddies can’t read?? Stop trusting these stupid robots. Fix your app.",5,us,Oooookayyyy,2026-02-05T17:29:16Z,"5 stars so this appears. Your moderation is straight TERRIBLE. I’m dead serious. Quit using “meta AI” and use actual real human beings. I know you guys have money to employ people but you’re just lazy bums that don’t wanna check behind ARTIFICIAL intelligence. They aren’t smart at all. How are you going to try restricting MY ACCOUNT, for another person logging into it when it’s connected to MY EMAIL, MY PHONE NUMBER, and has MY DETAILS. Not only that but you IP ban people who haven’t done the thing you’re trying to ban them for! You’re actually trash. And the fact you make it so difficult to appeal and to contact support is ridiculous and you all know it. You have that chud being a part of Facebook, twitter, and instagram. All of them are trash too. I have reported people who are ACTUALLY exploiting minors for sexual content but you want to harass my friend just trying to talk to her friends. She hasn’t commented or posted anything that violates guidelines, but since you have a team of lazy ai SCUM, you don’t even care to check. I even put in my ID for verification in FULL HIGH QUALITY. Yet it doesn’t go through? Oh now what, your clanker buddies can’t read?? Stop trusting these stupid robots. Fix your app."
11998661649,"Well, you told me that I was bad and then you decided I was not bad","I got kicked off of Facebook for nothing. I don’t even know if I can get on it and Instagram followed suit. I’ve had it. I’ve done nothing wrong and I can’t get on Facebook and I have a couple of profiles. Each one of them is for something different but I don’t matter I’m bad, according to Facebook and Instagram. I don’t know why I am picked on over and over and over. I’ve never done anything bad or out of line. An apology from Facebook would be nice. I’ll die before that happens. I got back on the profiles that I don’t have much on them but my main profile on Facebook…… Gone! no reason I didn’t do anything. They can’t tell me what I did but it’s gone with 600+ people that I have no way of getting in touch with most of them and if I did try, I’d be dead before I connected with a few of them. I hate Facebook they ruined my life. I stayed in contact with old coworkers, old neighbors, people I went to school with  and relatives. occasionally, some of us we get together in real life, not now Facebook made sure they destroyed that just like you were destroying me on Instagram I’ve never done anything out of line. So Why? I might as well be dead. I’m old and crippled. I have a hard time getting around and now I really out of touch with everybody I’ve ever known.",5,us,Ugly Grandma,2024-11-27T18:46:12Z,"Well, you told me that I was bad and then you decided I was not bad. I got kicked off of Facebook for nothing. I don’t even know if I can get on it and Instagram followed suit. I’ve had it. I’ve done nothing wrong and I can’t get on Facebook and I have a couple of profiles. Each one of them is for something different but I don’t matter I’m bad, according to Facebook and Instagram. I don’t know why I am picked on over and over and over. I’ve never done anything bad or out of line. An apology from Facebook would be nice. I’ll die before that happens. I got back on the profiles that I don’t have much on them but my main profile on Facebook...... Gone! no reason I didn’t do anything. They can’t tell me what I did but it’s gone with 600+ people that I have no way of getting in touch with most of them and if I did try, I’d be dead before I connected with a few of them. I hate Facebook they ruined my life. I stayed in contact with old coworkers, old neighbors, people I went to school with and relatives. occasionally, some of us we get together in real life, not now Facebook made sure they destroyed that just like you were destroying me on Instagram I’ve never done anything out of line. So Why? I might as well be dead. I’m old and crippled. I have a hard time getting around and now I really out of touch with everybody I’ve ever known."
4412420789,It stopped working for no reason,"For the life of me, I can’t figure out why, but Instagram simply refuses to work on my device. Every time I try to log in with ANY account it simply states “sorry, we had a problem with your request”. It’s not a matter of incorrect information, it’s almost like a SIM card block of some variety! Logging into my account on any other device works perfectly fine and causes no troubles while giving me access to all features, but just on this one device it simply refuses to function like an app should. I’ve been unable to use the app for almost two months and through multiple app updates and the support team is useless because there IS NONE ANYMORE. It’s been replaced by a fleet of bots that can’t solve specific problems that aren’t already on the help section of the website; and guess what? There’s no humans on their support team either! It’s even more useless than the Snapchat support team, in which you can actually get through to a sentient being if you claim your account has been hacked. Instead Instagram is so lazy that they have had the balls to tell you through their support phone line that they no longer use the phone to fix problems, and instead it redirects you to their mindless robots that can’t do anything you’d really want them to. I’ve lost an immense amount of communication with close friends due to this persisting error with no fix to it. For god’s sake, let a human with at least half a functioning brain cell working at Instagram see this so this problem can be solved!",1,us,TheMageofBlood,2019-07-05T03:16:33Z,"It stopped working for no reason. For the life of me, I can’t figure out why, but Instagram simply refuses to work on my device. Every time I try to log in with ANY account it simply states “sorry, we had a problem with your request”. It’s not a matter of incorrect information, it’s almost like a SIM card block of some variety! Logging into my account on any other device works perfectly fine and causes no troubles while giving me access to all features, but just on this one device it simply refuses to function like an app should. I’ve been unable to use the app for almost two months and through multiple app updates and the support team is useless because there IS NONE ANYMORE. It’s been replaced by a fleet of bots that can’t solve specific problems that aren’t already on the help section of the website; and guess what? There’s no humans on their support team either! It’s even more useless than the Snapchat support team, in which you can actually get through to a sentient being if you claim your account has been hacked. Instead Instagram is so lazy that they have had the balls to tell you through their support phone line that they no longer use the phone to fix problems, and instead it redirects you to their mindless robots that can’t do anything you’d really want them to. I’ve lost an immense amount of communication with close friends due to this persisting error with no fix to it. For god’s sake, let a human with at least half a functioning brain cell working at Instagram see this so this problem can be solved!"
2908612466,Maintenance,"I have had a frustrating issue for several months now where certain features either make the app crash suddenly, or do not work entirely. One feature that does not work at all. Not a single time... is the ability to post multiple photos in a singular post. I’ve tried with just 2 photos. I’ve tried with the maximum amount of photos in a photoset(10). Not a single time has this worked. After adding a caption with some hashtags, tagging friends, and waiting for the post to load. It fails to post every single time. I’ve tried this on both my old phone iPhone 6S plus, as well as my most recent phone purchase the iPhone X. This feature has never worked for me, often times being so frustrated I’d neglect the app for a few days and then find myself back. After attempting to delete the app as well as the app cache and reinstalling on both phones the feature is still inoperative. I also agree with many other Instagram users that the feed is very annoying that I’ll see posts I’ve seen already, or posts from several days ago. Chronological order?? If Instagram was more oriented on creating a seamless working application they may have a lot more users, or more frequent users of the app. Every bug I’ve experienced, I’ve submitted through the in app report a bug.",4,us,andrew_colin_,2018-07-14T23:01:13Z,"Maintenance. I have had a frustrating issue for several months now where certain features either make the app crash suddenly, or do not work entirely. One feature that does not work at all. Not a single time... is the ability to post multiple photos in a singular post. I’ve tried with just 2 photos. I’ve tried with the maximum amount of photos in a photoset(10). Not a single time has this worked. After adding a caption with some hashtags, tagging friends, and waiting for the post to load. It fails to post every single time. I’ve tried this on both my old phone iPhone 6S plus, as well as my most recent phone purchase the iPhone X. This feature has never worked for me, often times being so frustrated I’d neglect the app for a few days and then find myself back. After attempting to delete the app as well as the app cache and reinstalling on both phones the feature is still inoperative. I also agree with many other Instagram users that the feed is very annoying that I’ll see posts I’ve seen already, or posts from several days ago. Chronological order?? If Instagram was more oriented on creating a seamless working application they may have a lot more users, or more frequent users of the app. Every bug I’ve experienced, I’ve submitted through the in app report a bug."
11043801785,Fraudulent Disabled Accounts NEED ATTENTION ASAP!!!,"Accounts are being DISABLED.. NEVER TO GAIN access again without an IG CONTACT available to dispute my case! Why is it so easy now for someone to dup my account, which then creates the issue of copyright/trademark counterfeit accounts? Now someone supposedly “sells products” fraudulently from my account in ASIA OR TEXAS, impersonating MY ACCOUNT, then MY ACCOUNT gets canceled as well.. but WITH NO WAY TO GAIN CONTROL AGAIN! I’m currently completely disabled unless I provide government documents to supposedly prove who I AM! My question is.. how does Instagram know that it’s ME! If the impersonator sends their fraudulent info still in competition of mines.. how would I then prove MY identity is the actual valid account?!? Additionally this has happened TWICE NOW within 30days! The 1st time, I was allowed to complete a form, which the results returned as an IG error so my account was regained! This time.. the exact same issue and reason given disabled my account AGAIN, however I cannot contact anyone after the return decision was that I’m in violation (although I didn’t create the violation)!! There’s NO WAY to prove otherwise, nor a way to protect this from happening again! Forcing me to send in an ID is unfair and I’m actually not sure it’s LEAGAL! However I’m assuming this will be the New Norm! Does anyone have info on a LIVE PERSON that can be contacted for this new found scam activity with Instagram? Otherwise, I’m about to join the crowd of followers that have to chosen instead to completely walk away from the “Gram”! BYE!!!",5,us,Candiipress,2024-03-14T15:44:16Z,"Fraudulent Disabled Accounts NEED ATTENTION ASAP!!!. Accounts are being DISABLED.. NEVER TO GAIN access again without an IG CONTACT available to dispute my case! Why is it so easy now for someone to dup my account, which then creates the issue of copyright/trademark counterfeit accounts? Now someone supposedly “sells products” fraudulently from my account in ASIA OR TEXAS, impersonating MY ACCOUNT, then MY ACCOUNT gets canceled as well.. but WITH NO WAY TO GAIN CONTROL AGAIN! I’m currently completely disabled unless I provide government documents to supposedly prove who I AM! My question is.. how does Instagram know that it’s ME! If the impersonator sends their fraudulent info still in competition of mines.. how would I then prove MY identity is the actual valid account?!? Additionally this has happened TWICE NOW within 30days! The 1st time, I was allowed to complete a form, which the results returned as an IG error so my account was regained! This time.. the exact same issue and reason given disabled my account AGAIN, however I cannot contact anyone after the return decision was that I’m in violation (although I didn’t create the violation)!! There’s NO WAY to prove otherwise, nor a way to protect this from happening again! Forcing me to send in an ID is unfair and I’m actually not sure it’s LEAGAL! However I’m assuming this will be the New Norm! Does anyone have info on a LIVE PERSON that can be contacted for this new found scam activity with Instagram? Otherwise, I’m about to join the crowd of followers that have to chosen instead to completely walk away from the “Gram”! BYE!!!"
12324296960,A DISGRACE,"I have used this app almost every single day since 2014. I was 11. And I have loved it every step of the way. I’ve had very few issues with bugs and my feed has been curated perfectly towards me. However, this recent update is genuinely about to make me delete this app. The rectangles instead of squares on the feed is ridiculous and ugly. It messes up the whole feed and cuts out a quarter of the picture when looking at the feed itself. But that’s not even the main issue. When I go to my explore page now, I don’t even see regular posts. Used to, when I would go to my explore page, it would look just like my home page, but just show me things from people I don’t follow. Now, however. Any post I tap on on the explore page, automatically takes me to what looks like “reels” but it’s NOT reels. They are normal posts. These memes I’m seeing, half the words are cut off, because it was meant to be viewed in a normal post, and not in a reel post. So I will have to go the account, find the post, and then read the meme. This is absolutely ridiculous. Y’all want to be tiktok so bad. But what makes instagram so unique and amazing, is that it’s NOT tiktok. and this is ruining it. You can’t be tiktok, and that’s okay. Us consumers don’t want 10 different tiktok apps. We want something unique on each app. And these updates are pushing many consumers away. Please fix this bug before more and more people start boycotting META",1,us,becajsidh,2025-02-18T04:06:20Z,"A DISGRACE. I have used this app almost every single day since 2014. I was 11. And I have loved it every step of the way. I’ve had very few issues with bugs and my feed has been curated perfectly towards me. However, this recent update is genuinely about to make me delete this app. The rectangles instead of squares on the feed is ridiculous and ugly. It messes up the whole feed and cuts out a quarter of the picture when looking at the feed itself. But that’s not even the main issue. When I go to my explore page now, I don’t even see regular posts. Used to, when I would go to my explore page, it would look just like my home page, but just show me things from people I don’t follow. Now, however. Any post I tap on on the explore page, automatically takes me to what looks like “reels” but it’s NOT reels. They are normal posts. These memes I’m seeing, half the words are cut off, because it was meant to be viewed in a normal post, and not in a reel post. So I will have to go the account, find the post, and then read the meme. This is absolutely ridiculous. Y’all want to be tiktok so bad. But what makes instagram so unique and amazing, is that it’s NOT tiktok. and this is ruining it. You can’t be tiktok, and that’s okay. Us consumers don’t want 10 different tiktok apps. We want something unique on each app. And these updates are pushing many consumers away. Please fix this bug before more and more people start boycotting META"
13108172048,iPad version is awful,"I just downloaded the latest version of Instagram on my iPad and the new look is just awful. When you open Instagram it is all reels of people I do not follow. If I want to see videos I could go to explorer. I have to click friends tab to see my friends posts. When you are scrolling, the reels stop half way through and I have to shut down Instagram. Stories are now on the reels home page and not with my friends, so I have to go back and forth. DM’s are the worse. They split the screen, so you see all messages on one side and the message who you are replying too. The screen to whom you are messaging is so small. It’s a hard read. A lot of people use an iPad because the phone screen is small and hard to read and now the I-Pad is the same. Also when you comment back to someone, again, small screen, but when you click there name to go to there page, it shows up 1/2 screen when I am commenting, so I hav to click it to view there page at full screen. It’s terrible. If you are planning on keeping this app, please fix the comments and dm page. I can’t work on this`, and I know I am not alone. I’ve been with Instagram since the very beginning and for the past 10+ years, I have always used my iPad to work on Instagram, so I don’t understand why you needed an app. Please make the iPad version the same as the phone.",3,us,Shelbsyd,2025-09-07T04:03:04Z,"iPad version is awful. I just downloaded the latest version of Instagram on my iPad and the new look is just awful. When you open Instagram it is all reels of people I do not follow. If I want to see videos I could go to explorer. I have to click friends tab to see my friends posts. When you are scrolling, the reels stop half way through and I have to shut down Instagram. Stories are now on the reels home page and not with my friends, so I have to go back and forth. DM’s are the worse. They split the screen, so you see all messages on one side and the message who you are replying too. The screen to whom you are messaging is so small. It’s a hard read. A lot of people use an iPad because the phone screen is small and hard to read and now the I-Pad is the same. Also when you comment back to someone, again, small screen, but when you click there name to go to there page, it shows up 1/2 screen when I am commenting, so I hav to click it to view there page at full screen. It’s terrible. If you are planning on keeping this app, please fix the comments and dm page. I can’t work on this`, and I know I am not alone. I’ve been with Instagram since the very beginning and for the past 10+ years, I have always used my iPad to work on Instagram, so I don’t understand why you needed an app. Please make the iPad version the same as the phone."
4921516908,Won’t let me go back into my acc,"Instagram is a really good app I really enjoy it and I wish I could have it right now but, sadly a month ago I lost my acc because I logged out to see if it would let me log back in I tried about 13 times to log back in and it wasn’t letting me and I tried making a new acc but it wouldn’t let me it was saying like I violated the policies which I’ve never posted anything inappropriate or bad on my page so that’s why I was so confused and sad because I really wanted to get my acc back for the passed month I’ve been using my mothers phone for my acc it’s somehow only works on her phone so she has my acc and her acc on Instagram I have to check it on her phone and I wish I didn’t have to do that I want to be able to get it back on my phone without having to ask my mother for her phone so I can see my new notifications or what’s been going on. I really hope there’s a possibility Instagram can fix this I’m really wanting my acc back and I would be so excited and amazingly happy to get it back I’ve been wanting it back every since I lost it. After I lost it I got Facebook because I didn’t have Instagram so I was like why not get Facebook but soon Facebook was getting boring and I tried and tried to get back into my Instagram acc but it still continues to not let me login. So shortly after I was tired of Facebook I got Twitter and I just recently got Twitter it’s going pretty well right now but I’m really hoping I can get my Instagram acc back if there’s anyway possible y’all can do something about it. Thank you!💜",5,us,Ty'Reana Butler,2019-10-11T04:56:29Z,"Won’t let me go back into my acc. Instagram is a really good app I really enjoy it and I wish I could have it right now but, sadly a month ago I lost my acc because I logged out to see if it would let me log back in I tried about 13 times to log back in and it wasn’t letting me and I tried making a new acc but it wouldn’t let me it was saying like I violated the policies which I’ve never posted anything inappropriate or bad on my page so that’s why I was so confused and sad because I really wanted to get my acc back for the passed month I’ve been using my mothers phone for my acc it’s somehow only works on her phone so she has my acc and her acc on Instagram I have to check it on her phone and I wish I didn’t have to do that I want to be able to get it back on my phone without having to ask my mother for her phone so I can see my new notifications or what’s been going on. I really hope there’s a possibility Instagram can fix this I’m really wanting my acc back and I would be so excited and amazingly happy to get it back I’ve been wanting it back every since I lost it. After I lost it I got Facebook because I didn’t have Instagram so I was like why not get Facebook but soon Facebook was getting boring and I tried and tried to get back into my Instagram acc but it still continues to not let me login. So shortly after I was tired of Facebook I got Twitter and I just recently got Twitter it’s going pretty well right now but I’m really hoping I can get my Instagram acc back if there’s anyway possible y’all can do something about it. Thank you!💜"
4405852616,Newest update?,"I love Instagram, it’s my go-to social media and it’s the one I’m most comfortable using. However, this morning after updating, certain posts refuse to load, and most of them are the most recent posts on some of my favorite accounts. Videos are struggling to load and buffer way more than usual. I’ve tried closing the app and reopening it, going to the post on the account and trying to refresh it, whatever you can think of, and it’s not working.
Also I am not a fan of the new profile layout. I have a couple different accounts and each of them seems to have one of three different layouts and it really bothers me. 
I preferred when it was normal, and you had your post/follower/following count across the top, then the edit profile below that, your account description, stories, and then the post overview/scrolling/tagged photos option across the bottom.
Now on some of my accounts, you have to tap on a post in the overview in order to scroll through your posts, and you can’t see just one post at a time. I don’t like it. If I wanted to scroll through them I would have used the scrolling option. When I tap on a photo in the overview I want to just see that post. There also seems to be a waste of blank space on the profile, which is for stories I’m sure, but I’m not posting stories so it should just collapse down and not waste space on my profile.
I do still love the app, and it’s not like I’m going to stop using it now after all these years, but these are just some new things that have come up and I’m not a fan at all.",4,us,Darykween,2019-07-03T16:00:17Z,"Newest update?. I love Instagram, it’s my go-to social media and it’s the one I’m most comfortable using. However, this morning after updating, certain posts refuse to load, and most of them are the most recent posts on some of my favorite accounts. Videos are struggling to load and buffer way more than usual. I’ve tried closing the app and reopening it, going to the post on the account and trying to refresh it, whatever you can think of, and it’s not working. Also I am not a fan of the new profile layout. I have a couple different accounts and each of them seems to have one of three different layouts and it really bothers me. I preferred when it was normal, and you had your post/follower/following count across the top, then the edit profile below that, your account description, stories, and then the post overview/scrolling/tagged photos option across the bottom. Now on some of my accounts, you have to tap on a post in the overview in order to scroll through your posts, and you can’t see just one post at a time. I don’t like it. If I wanted to scroll through them I would have used the scrolling option. When I tap on a photo in the overview I want to just see that post. There also seems to be a waste of blank space on the profile, which is for stories I’m sure, but I’m not posting stories so it should just collapse down and not waste space on my profile. I do still love the app, and it’s not like I’m going to stop using it now after all these years, but these are just some new things that have come up and I’m not a fan at all."
7652574161,New to Internet & Instagram,"I am a product of the ‘60s, very familiar with phone usage, but still learning how this “iphone”and all its apps., & “collection of information” operates,(in the day of “landlines” & “party lines”, this was considered eavesdropping or wiretapping). But having nothing to hide & hiding nothing, I will try to move into the 21st century, while trying not to think of this “phone”as a tool for “Big Brother”. Anyway, since this is handy to keep in touch with family, that is busy and has only spare minutes to communicate, I will get in line with the rest of the #s. I have only one comment(maybe two); the collection of information of “our investigations”, say on Google for instance, or Wikipedia, or a medical source, does not necessarily reflect our own health. It truly can be curiosity, or an intellectual search to increase knowledge, much like “going to the library”. By trying to tie all researches into one picture you are making a one-dimensional assumption. Even for ads/sale/promos, you call “cookies”, do you remember Pinterest? “Wishbook” daydreaming ! The “iPhone” practicality WAS good as an extension of being part of the community wherever we may be, but it’s becoming weary with all the 🔍🗿intrusive stipulations and assumptions. Truthfully, I feel like I am training a robot just to use the text with all of it’s challenges and having to correct “her/Siri “. You’ve heard my “computer-illiterate “ review, and I’m going back to writing ✍️ letters! Thank you for asking!",3,us,jellybeanezintheaire,2021-08-04T03:48:55Z,"New to Internet & Instagram. I am a product of the ‘60s, very familiar with phone usage, but still learning how this “iphone”and all its apps., & “collection of information” operates,(in the day of “landlines” & “party lines”, this was considered eavesdropping or wiretapping). But having nothing to hide & hiding nothing, I will try to move into the 21st century, while trying not to think of this “phone”as a tool for “Big Brother”. Anyway, since this is handy to keep in touch with family, that is busy and has only spare minutes to communicate, I will get in line with the rest of the #s. I have only one comment(maybe two); the collection of information of “our investigations”, say on Google for instance, or Wikipedia, or a medical source, does not necessarily reflect our own health. It truly can be curiosity, or an intellectual search to increase knowledge, much like “going to the library”. By trying to tie all researches into one picture you are making a one-dimensional assumption. Even for ads/sale/promos, you call “cookies”, do you remember Pinterest? “Wishbook” daydreaming ! The “iPhone” practicality WAS good as an extension of being part of the community wherever we may be, but it’s becoming weary with all the 🔍🗿intrusive stipulations and assumptions. Truthfully, I feel like I am training a robot just to use the text with all of it’s challenges and having to correct “her/Siri “. You’ve heard my “computer-illiterate “ review, and I’m going back to writing ✍️ letters! Thank you for asking!"
12824613852,I lost everything I had overnight,"I never thought that I would have to write a review for instagram because it genuinely is a really good app but yesterday night I went into the app and it constantly told me that I couldn’t get in due to the fact that I shared my password with something that would gives me more followers. Problem is I haven’t shared my password with any app outside of instagram or threads then not only that but when I went to go change my password it kept telling me that the was an error with trying to change the password so I can’t get back in at all. I’ve lost all my post, my stories, my conversations, and my other accounts due to the fact that it won’t let me change my password. Recently there has been a glitch where it will let me see my account for  about a minute before going back to the message that i mentioned earlier. I’ve tried deleting and reinstalling the app I looked up answers on google but nothing seems to help with the situation. I have people that I can only communicate with through instagram and now I’ve lost my connection with them and I’ve seen this happen to other people yet when I went to the support center there was nothing about how to get help in a situation like this.",5,us,@//////@,2025-06-27T19:30:42Z,"I lost everything I had overnight. I never thought that I would have to write a review for instagram because it genuinely is a really good app but yesterday night I went into the app and it constantly told me that I couldn’t get in due to the fact that I shared my password with something that would gives me more followers. Problem is I haven’t shared my password with any app outside of instagram or threads then not only that but when I went to go change my password it kept telling me that the was an error with trying to change the password so I can’t get back in at all. I’ve lost all my post, my stories, my conversations, and my other accounts due to the fact that it won’t let me change my password. Recently there has been a glitch where it will let me see my account for about a minute before going back to the message that i mentioned earlier. I’ve tried deleting and reinstalling the app I looked up answers on google but nothing seems to help with the situation. I have people that I can only communicate with through instagram and now I’ve lost my connection with them and I’ve seen this happen to other people yet when I went to the support center there was nothing about how to get help in a situation like this."
12462960911,Hiding story views and comments,"Not sure what’s going on with this app or my account, but over the past 48 hours or so I’ve noticed 2 issues:
1) Instagram doesn’t show you the total number of people who viewed your story. I had a follower in my DMs who replied to a story I posted, but when I looked at who viewed my story, this follower didn’t show up in the list of viewers. Also, I had a story posted 10 minutes after the previous story I posted, & the discrepancy in views was large—the story posted 10 minutes later had 60% less views that the story before it. And they were only posted 10 minutes apart. It doesn’t make any sense unless Instagram was intentionally hiding the story from my followers. A story posted 10 minutes later should have about the same number of views as the previous story, not 60% less views.
2) The second issue: I opened up instagram this morning & started scrolling and every time I clicked a post to view the comments it said “no comments” even though there were hundreds / thousands of comments under the posts. I tried deleting & reinstalling the app & it still said “no comments” each time I clicked on a post with hundreds of comments. 

I reported both issues to Instagram support, but I don’t know if anything actually gets done about it.",3,us,Desiree_nc16,2025-03-25T14:33:03Z,"Hiding story views and comments. Not sure what’s going on with this app or my account, but over the past 48 hours or so I’ve noticed 2 issues: 1) Instagram doesn’t show you the total number of people who viewed your story. I had a follower in my DMs who replied to a story I posted, but when I looked at who viewed my story, this follower didn’t show up in the list of viewers. Also, I had a story posted 10 minutes after the previous story I posted, & the discrepancy in views was large—the story posted 10 minutes later had 60% less views that the story before it. And they were only posted 10 minutes apart. It doesn’t make any sense unless Instagram was intentionally hiding the story from my followers. A story posted 10 minutes later should have about the same number of views as the previous story, not 60% less views. 2) The second issue: I opened up instagram this morning & started scrolling and every time I clicked a post to view the comments it said “no comments” even though there were hundreds / thousands of comments under the posts. I tried deleting & reinstalling the app & it still said “no comments” each time I clicked on a post with hundreds of comments. I reported both issues to Instagram support, but I don’t know if anything actually gets done about it."
10444019579,give me the note and add music to notes update please,"I don't wanna be mean but I have had an issue with your recent update, which allows users to put a 30 second music clip on their notes with that i a haven’t even gotten the update to add notes which is such and inconvenience. I have not received this update, although all of my friends have. I have tried to be patient, & I have also tried fixing it. I restarted my phone, I updated my phone, I deleted the app, I logged out of my account, I tried updating the app multiple times, & nothing. No music option on my notes. I don't understand why I am being excluded. I am hurt, & overall shocked that Instagram could exclude someone like this. I would appreciate if you would give me this update. I don't find it nice to be excluding anyone from your updates, & I don't know why you chose me to exclude. But it is unfair, and I would like to receive this update as soon as possible. I think I deserve this. I have since gotten over it, but now I cannot let you exclude me any longer. Please give me this update, I do not deserve this. It's truly disgusting & rude of you to just leave me out. I really want this update, I am so mad you chose to leave me out of this update, out of all of the updates you have made. I love music, & I really would like to put it on my notes. I don't know why you're targeting me like this, but it needs to stop. Please provide me with this update, would love to put music on my notes.",1,us,qqngza,2023-10-06T06:28:36Z,"give me the note and add music to notes update please. I don't wanna be mean but I have had an issue with your recent update, which allows users to put a 30 second music clip on their notes with that i a haven’t even gotten the update to add notes which is such and inconvenience. I have not received this update, although all of my friends have. I have tried to be patient, & I have also tried fixing it. I restarted my phone, I updated my phone, I deleted the app, I logged out of my account, I tried updating the app multiple times, & nothing. No music option on my notes. I don't understand why I am being excluded. I am hurt, & overall shocked that Instagram could exclude someone like this. I would appreciate if you would give me this update. I don't find it nice to be excluding anyone from your updates, & I don't know why you chose me to exclude. But it is unfair, and I would like to receive this update as soon as possible. I think I deserve this. I have since gotten over it, but now I cannot let you exclude me any longer. Please give me this update, I do not deserve this. It's truly disgusting & rude of you to just leave me out. I really want this update, I am so mad you chose to leave me out of this update, out of all of the updates you have made. I love music, & I really would like to put it on my notes. I don't know why you're targeting me like this, but it needs to stop. Please provide me with this update, would love to put music on my notes."
11378662332,Ad settings don’t work well,"I am a person who believes in modesty. As this person I don’t want to be getting ads of women in lingerie and clothing that looks like basically nothing. I tried going to my settings and saying “see less” of lingerie-related and fashion-related stuff, but that stuff is still coming up. It’s awful. I hate it. As a religious person, I would like a better way to keep inappropriate and sexual ads out of my feed. Also a way to limit things like in inappropriate romance comics of people having sex and raunchy depictions of men and women (even if sex scenes are just portrayed in a suggestive way I still don’t want them). I have been reporting these inappropriate comics because they inappropriately objectify the sacred human body and I believe in portraying bodies in a way that is modest and wholesome. Any other advice?

Also it is critical to be better at fighting racism. I’ve reported comments with racial slurs like the n-word only for them to get left up like there was nothing wrong. But everything is wrong with those comments. Every person deserves to feel safe on social media and as long as comments with slurs are allowed to remain, people will not feel safe. Please work to take down comments with racial slurs. They are not ok at all, no matter how much they are being “reclaimed.” They are still racist. Please take down comments with racial slurs.",2,us,leahcim123,2024-06-14T02:16:41Z,"Ad settings don’t work well. I am a person who believes in modesty. As this person I don’t want to be getting ads of women in lingerie and clothing that looks like basically nothing. I tried going to my settings and saying “see less” of lingerie-related and fashion-related stuff, but that stuff is still coming up. It’s awful. I hate it. As a religious person, I would like a better way to keep inappropriate and sexual ads out of my feed. Also a way to limit things like in inappropriate romance comics of people having sex and raunchy depictions of men and women (even if sex scenes are just portrayed in a suggestive way I still don’t want them). I have been reporting these inappropriate comics because they inappropriately objectify the sacred human body and I believe in portraying bodies in a way that is modest and wholesome. Any other advice? Also it is critical to be better at fighting racism. I’ve reported comments with racial slurs like the n-word only for them to get left up like there was nothing wrong. But everything is wrong with those comments. Every person deserves to feel safe on social media and as long as comments with slurs are allowed to remain, people will not feel safe. Please work to take down comments with racial slurs. They are not ok at all, no matter how much they are being “reclaimed.” They are still racist. Please take down comments with racial slurs."
5884074990,"Great, but needs some issues fixed.","Instagram as a whole ever since I got it last summer has a been a great experience for me. I’ve been able to connect with my friends faster than I would’ve without it, and it’s a good thing to have when I’m bored and have nothing else to do. However, after having Instagram for many months I have discovered a couple of issues that are driving me nuts. First, on the home page once every so often the several most recent posts get mixed up in a seemingly RANDOM ORDER. I don’t like this at all because the post that gets moved to the top is most likely a post that I don’t want to see again for a while, like today that post is one that I don’t like at all and would rather not see AGAIN, and also because I someone who likes his home page posts to be precisely in CHRONOLOGICAL ORDER. Second, when an Instagram update comes around, the caption for it should say more than just fixing bugs and issues on Instagram, like what exactly that update is going to do with certain pages on the app and why. Please take the time to deal with these issues that I’ve stated above so that in the near future I’ll be able to confidently give Instagram a FIVE STAR RATING instead of a four star rating.",4,us,bronze9,2020-04-30T14:04:53Z,"Great, but needs some issues fixed.. Instagram as a whole ever since I got it last summer has a been a great experience for me. I’ve been able to connect with my friends faster than I would’ve without it, and it’s a good thing to have when I’m bored and have nothing else to do. However, after having Instagram for many months I have discovered a couple of issues that are driving me nuts. First, on the home page once every so often the several most recent posts get mixed up in a seemingly RANDOM ORDER. I don’t like this at all because the post that gets moved to the top is most likely a post that I don’t want to see again for a while, like today that post is one that I don’t like at all and would rather not see AGAIN, and also because I someone who likes his home page posts to be precisely in CHRONOLOGICAL ORDER. Second, when an Instagram update comes around, the caption for it should say more than just fixing bugs and issues on Instagram, like what exactly that update is going to do with certain pages on the app and why. Please take the time to deal with these issues that I’ve stated above so that in the near future I’ll be able to confidently give Instagram a FIVE STAR RATING instead of a four star rating."
10588662186,Comments,"I’ve been randomly banned from commenting on stuff for a week multiple times without using any hurtful words or offensive language, plus I’ve seen comments ten times worse from real people that blatantly encourage harm. Also, every bot includes advertising child pornography yet there’s thirty on almost every post? Why can’t I discuss a sports topic worry free from getting banned. What happened to our first amendment and free speech? Only thing that should be banned are child porn pushing bots. Also, when it tells me I’ve been “restricted” without telling me why or when, it says “tell us” yet when you click on it, suprise! It doesn’t work and there is no possibility of appealing a ridiculous “restriction of free speech” Update, I made a new account to comment on posts and it didn’t even get restricted it just says we limit certain things to protect our community. That only happens after 200 comments In a day. I tried posting one comment today. How can Instagram not tell a real user who isn’t spamming porn comments from a bot with porn on their profile and links. I actually haven’t done a single thing on that profile, I think Instagram just hates me so every time I want to comment on something I have to make a new profile because Instagram considers a new acc a bot but not the porn pushing bots who spam comments. Real good effort insta you really stopped me from saying “W”. Im sure multiple people in the community would have died because of that very hateful comment but people love when child porn pushing bots comment 500 times a day🥰",1,us,trebel is garbage,2023-11-15T16:46:41Z,"Comments. I’ve been randomly banned from commenting on stuff for a week multiple times without using any hurtful words or offensive language, plus I’ve seen comments ten times worse from real people that blatantly encourage harm. Also, every bot includes advertising child pornography yet there’s thirty on almost every post? Why can’t I discuss a sports topic worry free from getting banned. What happened to our first amendment and free speech? Only thing that should be banned are child porn pushing bots. Also, when it tells me I’ve been “restricted” without telling me why or when, it says “tell us” yet when you click on it, suprise! It doesn’t work and there is no possibility of appealing a ridiculous “restriction of free speech” Update, I made a new account to comment on posts and it didn’t even get restricted it just says we limit certain things to protect our community. That only happens after 200 comments In a day. I tried posting one comment today. How can Instagram not tell a real user who isn’t spamming porn comments from a bot with porn on their profile and links. I actually haven’t done a single thing on that profile, I think Instagram just hates me so every time I want to comment on something I have to make a new profile because Instagram considers a new acc a bot but not the porn pushing bots who spam comments. Real good effort insta you really stopped me from saying “W”. Im sure multiple people in the community would have died because of that very hateful comment but people love when child porn pushing bots comment 500 times a day🥰"
3306646480,things i find wrong (in my opinion),"i feel like every update in my opinion either gets better and cooler which makes me like the app a bit more but there are some updates that make me dislike it and make me want to use instagram less. some things are kinda useless like the name tag thing and when i notifications of people commenting on pics of other users i’ve comment on. i personally think that there’s no point to it and i also dislike how we your on your feed and on the right corner there are different types of videos that you can explore and have to do with the stuff you’re watching but instagram updated once more and i don’t like that they’ve removed it. they have replaced it igtv and it’s just ugh i don’t like it😂i’m not sure if anyone else has this update or also dislikes it but i sure do. another thing when you’re scrolling through posts ITS NOT IN ORDER. i’ll be scrolling through people’s post and see that they’ve posted a picture not to long ago and the next post would be from last week and i like “???” another thing instagram please stop adding new features!! enough!! you already have enough things going on! before it was simple and easy to use and now i forget what features there are like facetime! i completely forgot it existed and it’s really unimportant in my opinion. that’s what skype is for or facetime. 

overall i’m okay with everything else but if instagram keeps updating new features that just makes the app less enjoyable and easy to use then dare i say it?... you’re just gonna end up being just like snapchat

and that’s the tea 🤷‍♀️",3,us,e.m1113,2018-10-16T02:26:05Z,things i find wrong (in my opinion). i feel like every update in my opinion either gets better and cooler which makes me like the app a bit more but there are some updates that make me dislike it and make me want to use instagram less. some things are kinda useless like the name tag thing and when i notifications of people commenting on pics of other users i’ve comment on. i personally think that there’s no point to it and i also dislike how we your on your feed and on the right corner there are different types of videos that you can explore and have to do with the stuff you’re watching but instagram updated once more and i don’t like that they’ve removed it. they have replaced it igtv and it’s just ugh i don’t like it😂i’m not sure if anyone else has this update or also dislikes it but i sure do. another thing when you’re scrolling through posts ITS NOT IN ORDER. i’ll be scrolling through people’s post and see that they’ve posted a picture not to long ago and the next post would be from last week and i like “???” another thing instagram please stop adding new features!! enough!! you already have enough things going on! before it was simple and easy to use and now i forget what features there are like facetime! i completely forgot it existed and it’s really unimportant in my opinion. that’s what skype is for or facetime. overall i’m okay with everything else but if instagram keeps updating new features that just makes the app less enjoyable and easy to use then dare i say it?... you’re just gonna end up being just like snapchat and that’s the tea 🤷‍♀️
14101666627,Instagram has Gone Downhill,"Ever since Instagram came back out in 2015 to 2016, their entire system worked like cake work. What I mean by this, is there support team would be completely filled with cyber security professionals that would be able to get your account back or help with any matter that you had. As of 2026 or even from 2025, they have removed the consistency for creators to pursue their passion, and they have also switched their support system to completely AI which they rely on. With this being said, you have to pay a certain price to even talk to an actual human representative to take you through the same exact steps that the AI would there are no help at all. To include, as any creators out there know this issue, Instagram puts a spam filter on everything you do regardless what it may be a post, a repost, a comment a story or even just a response. As making four posts a day spread out through the day shouldn’t be an issue as back in 2016. It never was, and it would allow people to pursue their craft, now, Instagram has made it to where you also lose end-end encryption privacy. Overall, Instagram needs to fix their app to the point where they had it before however, obviously keep your community standard to obvious common sense such as; inappropriate topics, malicious posts, and obvious hate crimes. If it’s something as simple as a flower or a subjective picture for Cinematic visuals, it does not go against any type of guideline. 

Instagram gets a 1 Star",1,us,SkyVlogsYT,2026-05-24T19:01:07Z,"Instagram has Gone Downhill. Ever since Instagram came back out in 2015 to 2016, their entire system worked like cake work. What I mean by this, is there support team would be completely filled with cyber security professionals that would be able to get your account back or help with any matter that you had. As of 2026 or even from 2025, they have removed the consistency for creators to pursue their passion, and they have also switched their support system to completely AI which they rely on. With this being said, you have to pay a certain price to even talk to an actual human representative to take you through the same exact steps that the AI would there are no help at all. To include, as any creators out there know this issue, Instagram puts a spam filter on everything you do regardless what it may be a post, a repost, a comment a story or even just a response. As making four posts a day spread out through the day shouldn’t be an issue as back in 2016. It never was, and it would allow people to pursue their craft, now, Instagram has made it to where you also lose end-end encryption privacy. Overall, Instagram needs to fix their app to the point where they had it before however, obviously keep your community standard to obvious common sense such as; inappropriate topics, malicious posts, and obvious hate crimes. If it’s something as simple as a flower or a subjective picture for Cinematic visuals, it does not go against any type of guideline. Instagram gets a 1 Star"
10652919683,Meta verified doesn’t work,"I have paid to verify both my instagram and my Facebook. When I go through the identification process it stops me at the two factor authentication. I have this both enabled on my Facebook and my Instagram. I have every authentication enabled from phone, to authentication app, to what’s app etc. it still does not detect it’s turned on. When I turned it off and back on it asked to verify my name and profile photo. I do then I get an error that says “page isn’t available right now. This may be because of a technical error that we’re working on to get fixed. Try reloading the page.”  I reload and the same error occurs and I have to force quit the app to get instagram to open again.  I have shook my phone so many times and reported the error and attached screenshots and the issue still remains. I keep getting messages on instagram please verify your identity to finish signing up for meta verified but your app won’t let me. There is no way to talk to customer support when you’re trying to sign up. You can only talk once you’re signed up. That’s unhelpful. If you’re trying to generate revenue have a place where people who want to pay to get verified receive customer service help. You’re loosing revenue because your system is not working for people who want to sign up for meta verification.",5,us,Tiffanyrose2007,2023-12-03T13:25:14Z,"Meta verified doesn’t work. I have paid to verify both my instagram and my Facebook. When I go through the identification process it stops me at the two factor authentication. I have this both enabled on my Facebook and my Instagram. I have every authentication enabled from phone, to authentication app, to what’s app etc. it still does not detect it’s turned on. When I turned it off and back on it asked to verify my name and profile photo. I do then I get an error that says “page isn’t available right now. This may be because of a technical error that we’re working on to get fixed. Try reloading the page.” I reload and the same error occurs and I have to force quit the app to get instagram to open again. I have shook my phone so many times and reported the error and attached screenshots and the issue still remains. I keep getting messages on instagram please verify your identity to finish signing up for meta verified but your app won’t let me. There is no way to talk to customer support when you’re trying to sign up. You can only talk once you’re signed up. That’s unhelpful. If you’re trying to generate revenue have a place where people who want to pay to get verified receive customer service help. You’re loosing revenue because your system is not working for people who want to sign up for meta verification."
12197828802,Terrible App,"I don't wanna be mean but I have had an issue with your recent update, which allows users to put a 30 second music clip on their notes with that i a haven't even gotten the update to add notes which is such and
inconvenience. I have not received this update, although all of my friends have. I have tried to be patient, & I have also tried fixing it. I restarted my phone, I updated my phone, I deleted the app, I logged out of my account, I tried updating the app multiple times, & nothing. No music option on my notes. I don't understand why I am being excluded. I am hurt, & overall shocked that Instagram could exclude someone like this. I would appreciate if you would give me this update. I don't find it nice to be excluding anyone from your updates, & I don't know why you chose me to exclude. But it is unfair, and I would like to receive this update as soon as possible. I think I deserve this. I have since gotten over it, but now I cannot let you exclude me any longer. Please give me this update, I do not deserve this. It's truly disgusting & rude of you to just leave me out. I really want this update, I am so mad you chose to leave me out of this update, out of all of the updates you have made. I love music, & I really would like to put it on my notes. I don't know why you're targeting me like this, but it needs to stop. Please provide me with this update, would love to put music on my notes.",1,us,Horrible Use of Tjme,2025-01-18T04:40:27Z,"Terrible App. I don't wanna be mean but I have had an issue with your recent update, which allows users to put a 30 second music clip on their notes with that i a haven't even gotten the update to add notes which is such and inconvenience. I have not received this update, although all of my friends have. I have tried to be patient, & I have also tried fixing it. I restarted my phone, I updated my phone, I deleted the app, I logged out of my account, I tried updating the app multiple times, & nothing. No music option on my notes. I don't understand why I am being excluded. I am hurt, & overall shocked that Instagram could exclude someone like this. I would appreciate if you would give me this update. I don't find it nice to be excluding anyone from your updates, & I don't know why you chose me to exclude. But it is unfair, and I would like to receive this update as soon as possible. I think I deserve this. I have since gotten over it, but now I cannot let you exclude me any longer. Please give me this update, I do not deserve this. It's truly disgusting & rude of you to just leave me out. I really want this update, I am so mad you chose to leave me out of this update, out of all of the updates you have made. I love music, & I really would like to put it on my notes. I don't know why you're targeting me like this, but it needs to stop. Please provide me with this update, would love to put music on my notes."
8900147629,Latest update,"With each update, for however long, IG has gotten more and more uncomfortable to engage with. And this latest one just about ignores readability with how captions are handled for posts. If a thing isn’t broke why try to fix it - especially when there is truly no actual improvement. I really loathe engaging my feed at this point. It’s bad enough that with reels, various phone designs aren’t taken into account it seems because part of the screen isn’t accessible, so some reels don’t look proper when viewing them. Now when reading a caption for a post as you’re scrolling through, the white letters (I use dark mode) are on top of the image. Brilliant! So if the picture doesn’t go dark enough, it’s difficult to read  the caption. Who thought of this stuff??? What team on IG’s payroll really came up with this redesign? The best/only work around I can think of is to use the desktop if I want to enjoy scrolling through my feed. Though things like creating a Story or choosing to share to Story can’t be done. But readability and accessibility are very important and whoever’s making the final call on these design choices seem to be overlooking that. If I wanted something that looked and behaved like any other app - I’d go on and use that app instead. I don’t need (or want!) IG to be anything other than IG with all of the ease of use that used to be there. At the very least give people an option to simplify things rather than rearranging buttons and stuff. What’s the point of doing polls/surveys when the needs of the people aren’t really being addressed? Make it make sense!",2,us,This girl 1,2022-07-22T13:00:44Z,"Latest update. With each update, for however long, IG has gotten more and more uncomfortable to engage with. And this latest one just about ignores readability with how captions are handled for posts. If a thing isn’t broke why try to fix it - especially when there is truly no actual improvement. I really loathe engaging my feed at this point. It’s bad enough that with reels, various phone designs aren’t taken into account it seems because part of the screen isn’t accessible, so some reels don’t look proper when viewing them. Now when reading a caption for a post as you’re scrolling through, the white letters (I use dark mode) are on top of the image. Brilliant! So if the picture doesn’t go dark enough, it’s difficult to read the caption. Who thought of this stuff??? What team on IG’s payroll really came up with this redesign? The best/only work around I can think of is to use the desktop if I want to enjoy scrolling through my feed. Though things like creating a Story or choosing to share to Story can’t be done. But readability and accessibility are very important and whoever’s making the final call on these design choices seem to be overlooking that. If I wanted something that looked and behaved like any other app - I’d go on and use that app instead. I don’t need (or want!) IG to be anything other than IG with all of the ease of use that used to be there. At the very least give people an option to simplify things rather than rearranging buttons and stuff. What’s the point of doing polls/surveys when the needs of the people aren’t really being addressed? Make it make sense!"
13443990787,False bans and terrible community service,"I’ve lost 3 accounts due to this CSE ban wave that the ai moderation system has been doing for the past few years now. And every other account I make that isn’t connected to my original meta or a Facebook account gets banned for account integrity violations and even after providing them a picture of my government ID(drivers license) and a video proving my identity as a human, they still deny it and permanently delete the account. And when I get banned for CSE(which has banned both of my Facebook accounts along with the 3 instagram pages) I can’t even appeal the bans, and I can’t even log in the accounts to appeal the bans. I even paid for meta to do the meta support method to getting my accounts unbanned but even that didn’t work because I got an agent who talked like he didn’t know anything about the ban or anything. I even kept the subscription and paid for it just for them to ban me again, so meta will NOT be getting any more of my services and I’d advise you to do the same. They were recently sued for this and another instance where dozens of underage girls had pictures leaked and sent/posted all on Instagram and Facebook and Zuckerberg had nothing true to say, he didn’t even give a sincere apology nor answered the questions he was asked regarding the false bans, so he knows it’s happening, but is doing NOTHING to stop them. But they expect me to update their trash app everytime they want a new garbage UI.",1,us,Lxsthallowz,2025-11-26T18:07:08Z,"False bans and terrible community service. I’ve lost 3 accounts due to this CSE ban wave that the ai moderation system has been doing for the past few years now. And every other account I make that isn’t connected to my original meta or a Facebook account gets banned for account integrity violations and even after providing them a picture of my government ID(drivers license) and a video proving my identity as a human, they still deny it and permanently delete the account. And when I get banned for CSE(which has banned both of my Facebook accounts along with the 3 instagram pages) I can’t even appeal the bans, and I can’t even log in the accounts to appeal the bans. I even paid for meta to do the meta support method to getting my accounts unbanned but even that didn’t work because I got an agent who talked like he didn’t know anything about the ban or anything. I even kept the subscription and paid for it just for them to ban me again, so meta will NOT be getting any more of my services and I’d advise you to do the same. They were recently sued for this and another instance where dozens of underage girls had pictures leaked and sent/posted all on Instagram and Facebook and Zuckerberg had nothing true to say, he didn’t even give a sincere apology nor answered the questions he was asked regarding the false bans, so he knows it’s happening, but is doing NOTHING to stop them. But they expect me to update their trash app everytime they want a new garbage UI."
13425985315,"Algorithm, stories, and login/security need some work","I’ve been on insta for quite a while, but I’ve noticed that some of the features (noticeably the ones that are also shared, or should I say dominated by other apps) need improvement.
1) Close friends stories. Why can I only have one? If the goal was to implement similar features to sn*pchat, then why can’t I have multiple close friends for different friend groups/family/business partners? It’s been years since this feature has been available on other apps and Meta has made no effort to improve upon it, opting instead for location mapping (which most don’t use due to larger following or public accounts) and Instagram notes (attention seeking).
2) Login/security. Why can I not connect my iCloud account to Meta and use it to log in? From anecdotes, many of my friends have had their instagrams hacked, but it seems like iCloud is generally harder for scammers to access…additionally, getting locked out of my Instagram accounts has happened to me more than once. Meta should consider implementing this feature like other social media apps have.
3) finally, the algorithm isn’t as good as other social media apps. Understandably some, including myself, may be concerned about the lack of privacy and the information Meta is obtaining. However, given how much information is already available to them upon making an account, I would expect higher quality content on reels and suggested posts than what I am currently seeing.
More than willing to adjust my review should I see these features implemented.",2,us,bw1226,2025-11-22T01:37:54Z,"Algorithm, stories, and login/security need some work. I’ve been on insta for quite a while, but I’ve noticed that some of the features (noticeably the ones that are also shared, or should I say dominated by other apps) need improvement. 1) Close friends stories. Why can I only have one? If the goal was to implement similar features to sn*pchat, then why can’t I have multiple close friends for different friend groups/family/business partners? It’s been years since this feature has been available on other apps and Meta has made no effort to improve upon it, opting instead for location mapping (which most don’t use due to larger following or public accounts) and Instagram notes (attention seeking). 2) Login/security. Why can I not connect my iCloud account to Meta and use it to log in? From anecdotes, many of my friends have had their instagrams hacked, but it seems like iCloud is generally harder for scammers to access...additionally, getting locked out of my Instagram accounts has happened to me more than once. Meta should consider implementing this feature like other social media apps have. 3) finally, the algorithm isn’t as good as other social media apps. Understandably some, including myself, may be concerned about the lack of privacy and the information Meta is obtaining. However, given how much information is already available to them upon making an account, I would expect higher quality content on reels and suggested posts than what I am currently seeing. More than willing to adjust my review should I see these features implemented."
12199939667,Gets worse with each update,"I find that instagram likes to update with new features that literally no one is asking for and after each update, people are always complaining about their dislike for these new features. I've decided to write this review because of the most recent update I find most terrible: the rectangle feed and left aligned posts, followers, and following section. Instagram needs to do a better job listening to its users and implementing changes users actually care for (ex chronological timelines) or it will just die of irrelevance and people shifting to another app. Decreasing user base and time spent on the app isn't because of the square posts (which is arguably one of the unique things about instagram, the 1:1 ratio was only used on insta) or the left aligned or that users can create custom filters to upload to the app, it's that the app isn't not designed for normal people (often see many complaints of only seeing celeb posts and no friends) and the algorithm is insanely bad at picking up what users like. I am honestly probably not going to use my account anymore and am considering deactivating/deleting with everything going on with Instagram and Meta. The app is slowly becoming trash, and I am not enjoying the platform at all. I don't know if the app will ever improve but they need to get a grip and stop trying to copy other apps styles in an attempt to be more successful. Do what instagram does best (a platform meant for sharing pictures) and work to improve the app for users.",1,us,badaboom158,2025-01-18T16:44:49Z,"Gets worse with each update. I find that instagram likes to update with new features that literally no one is asking for and after each update, people are always complaining about their dislike for these new features. I've decided to write this review because of the most recent update I find most terrible: the rectangle feed and left aligned posts, followers, and following section. Instagram needs to do a better job listening to its users and implementing changes users actually care for (ex chronological timelines) or it will just die of irrelevance and people shifting to another app. Decreasing user base and time spent on the app isn't because of the square posts (which is arguably one of the unique things about instagram, the 1:1 ratio was only used on insta) or the left aligned or that users can create custom filters to upload to the app, it's that the app isn't not designed for normal people (often see many complaints of only seeing celeb posts and no friends) and the algorithm is insanely bad at picking up what users like. I am honestly probably not going to use my account anymore and am considering deactivating/deleting with everything going on with Instagram and Meta. The app is slowly becoming trash, and I am not enjoying the platform at all. I don't know if the app will ever improve but they need to get a grip and stop trying to copy other apps styles in an attempt to be more successful. Do what instagram does best (a platform meant for sharing pictures) and work to improve the app for users."
6659540902,Terrible Update,"This might be a personal bias but the new update is disgusting, absolutely repulsive. Why would you put the Post and Notifications buttons locked at the top of the home page? Why are Reels and Shops deemed so important that they need to take the place of the Post and Notifications buttons? It’s awful design. No one cares about the Reels or Shop features enough for you to have made such a terrible design decision of making them fixated on the main bar. I don’t even want to use the app anymore because of this new layout. It makes NO sense. People use the Post button and the Notifications tab WAY MORE OFTEN than they ever Shop or make/watch Reels. I’ve NEVER shopped on Instagram and never plan on it. I cannot stand the way you have to go back to the top of your home page just to make a post or check your notifications. It’s just stupid. Out of all the design updates Instagram has made since I first started using it in 2014, this is by far the WORST one yet. I’m personally not using the app until another update comes out and puts the tabs back in order, or I might delete it. I’m not trying to work harder just to make a simple post or check my notifications. I’ve never written an app review but this update has me ready to delete the app because of the conscious decision y’all made to lock the Post and Notifications tabs to the Home Page to put the Shops and Reels in the main bar. 

P.S. PLEASE allow users to switch their feed to Chronological Order vs Top Posts. If Twitter can do it, so can you.",1,us,Ily Martinez,2020-11-18T16:01:41Z,"Terrible Update. This might be a personal bias but the new update is disgusting, absolutely repulsive. Why would you put the Post and Notifications buttons locked at the top of the home page? Why are Reels and Shops deemed so important that they need to take the place of the Post and Notifications buttons? It’s awful design. No one cares about the Reels or Shop features enough for you to have made such a terrible design decision of making them fixated on the main bar. I don’t even want to use the app anymore because of this new layout. It makes NO sense. People use the Post button and the Notifications tab WAY MORE OFTEN than they ever Shop or make/watch Reels. I’ve NEVER shopped on Instagram and never plan on it. I cannot stand the way you have to go back to the top of your home page just to make a post or check your notifications. It’s just stupid. Out of all the design updates Instagram has made since I first started using it in 2014, this is by far the WORST one yet. I’m personally not using the app until another update comes out and puts the tabs back in order, or I might delete it. I’m not trying to work harder just to make a simple post or check my notifications. I’ve never written an app review but this update has me ready to delete the app because of the conscious decision y’all made to lock the Post and Notifications tabs to the Home Page to put the Shops and Reels in the main bar. P.S. PLEASE allow users to switch their feed to Chronological Order vs Top Posts. If Twitter can do it, so can you."
11510944029,Help,"I don't wanna be mean but I have had an issue with your recent update, which allows users to put a 30 second music clip on their notes. I have not received this update, although all of my friends have. I have tried to be patient, & I have also tried fixing it. I restarted my phone, l updated my phone, I deleted the app, I logged out of my account, I tried updating the app multiple times, & nothing. No music option on my notes. I don't understand why I am being excluded. I am hurt, & overall shocked that Instagram could exclude someone like this. I would appreciate if you would give me this update. I don't find it nice to be excluding anyone from your updates, & I don't know why you chose me to exclude. But it is unfair, and I would like to receive this update as soon as possible. I think I deserve this, especially after you never let me use the ""Add Yours"" stickers as well. I have since gotten over it, but now I cannot let you exclude me any longer.
Please give me this update, I do not deserve this.
It's truly disgusting & rude of you to just leave me out. I really want this update, I am so mad you chose to leave me out of this update, out of all of the updates you have made. I love music, & I really would like to put it on my notes. I don't know why you're targeting me like this, but it needs to stop.
Please provide me with this update, I would love to put music on my notes
Thank you",1,us,Seif maghoula,2024-07-19T14:02:10Z,"Help. I don't wanna be mean but I have had an issue with your recent update, which allows users to put a 30 second music clip on their notes. I have not received this update, although all of my friends have. I have tried to be patient, & I have also tried fixing it. I restarted my phone, l updated my phone, I deleted the app, I logged out of my account, I tried updating the app multiple times, & nothing. No music option on my notes. I don't understand why I am being excluded. I am hurt, & overall shocked that Instagram could exclude someone like this. I would appreciate if you would give me this update. I don't find it nice to be excluding anyone from your updates, & I don't know why you chose me to exclude. But it is unfair, and I would like to receive this update as soon as possible. I think I deserve this, especially after you never let me use the ""Add Yours"" stickers as well. I have since gotten over it, but now I cannot let you exclude me any longer. Please give me this update, I do not deserve this. It's truly disgusting & rude of you to just leave me out. I really want this update, I am so mad you chose to leave me out of this update, out of all of the updates you have made. I love music, & I really would like to put it on my notes. I don't know why you're targeting me like this, but it needs to stop. Please provide me with this update, I would love to put music on my notes Thank you"
9801173304,The new feature “Reel” has too many bugs and no user error prevention,"The UX of the “reel” feature needs to be improved. I had to create a video for four times to post it successfully. The first time, the whole video turned black and I had to quit the app and restart it, it didn’t save anything after I reopened the app. The second time, I started with the video draft and wanted to add music at the last step and there wasn’t a way to go one step back, I hit “cancel” and exited exiting mode, and again it didn’t save anything. The third time, I reopened the draft and added all the texts and music, but it didn’t show any texts that I added, after publishing the video, all the texts that were added to the video were gone, so I had to create it again for the fourth time. This time, I deleted the draft and start over from the very beginning. Finally, after being very cautious with every step, I was able to finish creating the video and posted it. Then I wanted to pin the video on the top of my reel, it says “ the video is pined” on the success toast, but no matter how many times I refreshed the feed of reels, restarted the app, switched to a different account and then switched back, I can’t see the video is pinned and shows up on the top. I’m very frustrated with this new feature Reel. It’s a painful experience for people who spend a long time doing video editing and then lost everything and have to start over once and once again. At least 2 hours in my life were wasted and I can’t get them back. Please fix these issues if you don’t want to lose users.",2,us,averymadcustomer2019,2023-04-08T19:58:00Z,"The new feature “Reel” has too many bugs and no user error prevention. The UX of the “reel” feature needs to be improved. I had to create a video for four times to post it successfully. The first time, the whole video turned black and I had to quit the app and restart it, it didn’t save anything after I reopened the app. The second time, I started with the video draft and wanted to add music at the last step and there wasn’t a way to go one step back, I hit “cancel” and exited exiting mode, and again it didn’t save anything. The third time, I reopened the draft and added all the texts and music, but it didn’t show any texts that I added, after publishing the video, all the texts that were added to the video were gone, so I had to create it again for the fourth time. This time, I deleted the draft and start over from the very beginning. Finally, after being very cautious with every step, I was able to finish creating the video and posted it. Then I wanted to pin the video on the top of my reel, it says “ the video is pined” on the success toast, but no matter how many times I refreshed the feed of reels, restarted the app, switched to a different account and then switched back, I can’t see the video is pinned and shows up on the top. I’m very frustrated with this new feature Reel. It’s a painful experience for people who spend a long time doing video editing and then lost everything and have to start over once and once again. At least 2 hours in my life were wasted and I can’t get them back. Please fix these issues if you don’t want to lose users."
11443389782,Creative and User-Enhancing Suggestions,"Dear Instagram Developers, I hope this message finds you well. I am writing to offer a few suggestions that I believe would greatly benefit and enhance the functionality of Instagram. Firstly, I propose the inclusion of a feature that would allow users to add music to their profiles. This addition would undoubtedly add a whole new dimension of creativity and personalization, empowering users to express themselves through their favorite tunes. Secondly, I would like to address a concern regarding the white circle that surrounds the profile photo. In my opinion, this visual element can sometimes disrupt the overall aesthetic and proportion of the photo. I respectfully suggest that the option to remove or customize this circle be made available, allowing users to further curate their profiles in alignment with their personal branding. Last but not least, I would like to express my desire for Instagram to support the option of using GIFs as profile photos. This animated form of self-expression would undoubtedly inject a playful and engaging element into users' profiles, increasing their appeal and individuality. I genuinely believe that these proposals could positively impact the Instagram user experience, fostering increased creativity and allowing for further personalization. I appreciate your time and consideration, and I eagerly look forward to seeing the continued evolution of the platform. Thank you for your attention to these suggestions.",5,us,wucls,2024-07-01T07:45:47Z,"Creative and User-Enhancing Suggestions. Dear Instagram Developers, I hope this message finds you well. I am writing to offer a few suggestions that I believe would greatly benefit and enhance the functionality of Instagram. Firstly, I propose the inclusion of a feature that would allow users to add music to their profiles. This addition would undoubtedly add a whole new dimension of creativity and personalization, empowering users to express themselves through their favorite tunes. Secondly, I would like to address a concern regarding the white circle that surrounds the profile photo. In my opinion, this visual element can sometimes disrupt the overall aesthetic and proportion of the photo. I respectfully suggest that the option to remove or customize this circle be made available, allowing users to further curate their profiles in alignment with their personal branding. Last but not least, I would like to express my desire for Instagram to support the option of using GIFs as profile photos. This animated form of self-expression would undoubtedly inject a playful and engaging element into users' profiles, increasing their appeal and individuality. I genuinely believe that these proposals could positively impact the Instagram user experience, fostering increased creativity and allowing for further personalization. I appreciate your time and consideration, and I eagerly look forward to seeing the continued evolution of the platform. Thank you for your attention to these suggestions."
12446979964,Horrible app,"I am doing a school project and it keeps banning me saying I’m spamming for following people from my school. I haven’t been able to do anything on it for almost a week. The account recovery took me two hours, after it got recovered two days ago I can’t even follow back my followers and app is so difficult to navigate. I spent hours on the account and it keeps messing with it and won’t let my group members log in either. The app help center only has articles and not even an ai you can talk to. The app is behind and has very strict policies around how much you follow but lacks policies about what is posted. Overall has made me regret going to school everyday because I can’t get anything done because the account has been locked down 3 times now and I have had it for a week. I only have posted 5 stories and 1 post. I have like 400 followers and I follow 1000 people, almost all people from my school or a school run account. Took me multiple hours to fix the account the first time my account was compromised. It said “It looks like you shared your password with a service to help you get more likes or followers, which goes against our Community Standards.” And “Change your password to continue using
Instagram. If you share your new password with one of these services, you may get blocked from following, liking or commenting.” After I manually followed all these people and only would let me into the account. App would glitch when I tried to change the password and not let me. This app is overall bad.",1,us,hdbsha absnd dk,2025-03-21T15:59:54Z,"Horrible app. I am doing a school project and it keeps banning me saying I’m spamming for following people from my school. I haven’t been able to do anything on it for almost a week. The account recovery took me two hours, after it got recovered two days ago I can’t even follow back my followers and app is so difficult to navigate. I spent hours on the account and it keeps messing with it and won’t let my group members log in either. The app help center only has articles and not even an ai you can talk to. The app is behind and has very strict policies around how much you follow but lacks policies about what is posted. Overall has made me regret going to school everyday because I can’t get anything done because the account has been locked down 3 times now and I have had it for a week. I only have posted 5 stories and 1 post. I have like 400 followers and I follow 1000 people, almost all people from my school or a school run account. Took me multiple hours to fix the account the first time my account was compromised. It said “It looks like you shared your password with a service to help you get more likes or followers, which goes against our Community Standards.” And “Change your password to continue using Instagram. If you share your new password with one of these services, you may get blocked from following, liking or commenting.” After I manually followed all these people and only would let me into the account. App would glitch when I tried to change the password and not let me. This app is overall bad."
4311403286,Bugs and tech issues,"I love Instagram, honestly it’s my go to app before anything else. I use it to document, connect and grow a business. I feel that every aspect of IG is so beneficial when maneuvering around its algorithm. However, there have been some pretty devastating bugs and technical issues that seem to have no resolve making use of Instagram very frustrating. While recording stories, you are able to record for the entire length but when you go to share your video to your stories, it only posts the first four clips out of the entire recording, if it lets you post at all. As of lately it has not been posting videos to my stories at all. It will tell me upload failed or video has been blocked, which brings me to my next point. While in your stories you can navigate through the tools to add music to your videos. Again, These are all songs through the IG music tool in the stories. When you pick a song it allows you to choose which clip from the song you would like to add, while also posting the artist and title of the song at the top of the stories and clip art of the album it automatically adds as well. However, when I do this my videos are being blocked and taken done due to “copyright infringement” and I’m not sure why when this is all going through the Instagram app. Just to clarify, I’m a mom of two, trying to grow a business and bring traffic to my blog so I can guarantee my content is never inappropriate or something that would violate instagrams terms and policies. I don’t know how to fix these problems, I’ve tried uninstalling and reinstalling without any success. Hoping these issues resolve themselves soon.
-Karen

(Not really...it’s Kayla but I felt like a Karen typing that up) thanks IG!",4,us,Hinsp23,2019-06-13T22:52:14Z,"Bugs and tech issues. I love Instagram, honestly it’s my go to app before anything else. I use it to document, connect and grow a business. I feel that every aspect of IG is so beneficial when maneuvering around its algorithm. However, there have been some pretty devastating bugs and technical issues that seem to have no resolve making use of Instagram very frustrating. While recording stories, you are able to record for the entire length but when you go to share your video to your stories, it only posts the first four clips out of the entire recording, if it lets you post at all. As of lately it has not been posting videos to my stories at all. It will tell me upload failed or video has been blocked, which brings me to my next point. While in your stories you can navigate through the tools to add music to your videos. Again, These are all songs through the IG music tool in the stories. When you pick a song it allows you to choose which clip from the song you would like to add, while also posting the artist and title of the song at the top of the stories and clip art of the album it automatically adds as well. However, when I do this my videos are being blocked and taken done due to “copyright infringement” and I’m not sure why when this is all going through the Instagram app. Just to clarify, I’m a mom of two, trying to grow a business and bring traffic to my blog so I can guarantee my content is never inappropriate or something that would violate instagrams terms and policies. I don’t know how to fix these problems, I’ve tried uninstalling and reinstalling without any success. Hoping these issues resolve themselves soon. -Karen (Not really...it’s Kayla but I felt like a Karen typing that up) thanks IG!"
13506455961,Every update is awful,"This app continuously makes updates that make user experience worse. If you get hacked and the hacker changes your birthday then you are unable to change it back on ANY ACCOUNT you have the same email/phone number on. It’s pretty evident that the app keeps trying to push reels and be a knock off version of TikTok instead of the photo app people downloaded Instagram wanting. If you pay for verification you will talk to several staff members before finding someone competent who will tell you that with verification you still can’t fix your birthday to the correct one! The staff is aware of how awful and glitchy Instagram is, but no one cares enough to fix the numerous problem. The app has been on a downward spiral for years now due to the worse possible changes being implemented, but the most recent update takes the cake. Hiding DMs and placing the post button in an inconvenient location and trying to force people to click on reels when they are looking for their direct messages… Pathetic! Constantly pushing posts from people I don’t follow nor have interest in following on my feed instead of showing me the people I actually follow. Also there’s a million ads on feed. So posts from people you don’t follow and ads are constant. Even if you turn off suggested posts for 30 days they still have them all over your feed. Also there’s so much weird AI being pushed on the app and from Meta.",1,us,Syeda (Sigh-E-dah),2025-12-12T23:03:12Z,"Every update is awful. This app continuously makes updates that make user experience worse. If you get hacked and the hacker changes your birthday then you are unable to change it back on ANY ACCOUNT you have the same email/phone number on. It’s pretty evident that the app keeps trying to push reels and be a knock off version of TikTok instead of the photo app people downloaded Instagram wanting. If you pay for verification you will talk to several staff members before finding someone competent who will tell you that with verification you still can’t fix your birthday to the correct one! The staff is aware of how awful and glitchy Instagram is, but no one cares enough to fix the numerous problem. The app has been on a downward spiral for years now due to the worse possible changes being implemented, but the most recent update takes the cake. Hiding DMs and placing the post button in an inconvenient location and trying to force people to click on reels when they are looking for their direct messages... Pathetic! Constantly pushing posts from people I don’t follow nor have interest in following on my feed instead of showing me the people I actually follow. Also there’s a million ads on feed. So posts from people you don’t follow and ads are constant. Even if you turn off suggested posts for 30 days they still have them all over your feed. Also there’s so much weird AI being pushed on the app and from Meta."
9667876177,The new updates are terrible,"I love Instagram. It’s my main app. I use it all the time. But this new update Omg. They keep adding garbage it doesn’t need that just clutters the screen or irritates me. So many bugs. You can’t log in on pc anymore and instead of fixing that they added notes? Isn’t your story the same exact thing? And the worst one is when I’m trying to look at someone profile and videos and it keeps the bar up top that I do not care about covering your entire screen so you can’t even see anything. It’s so frustrating. ALSO You guys keep flagging me and taking down my responses to people who will not stop bullying me and I keep reporting their comments but you say their in the right?? Telling me my teeth are awful and that I should go die is fine but the moment I finally respond back is when I get MY comment taken down and flagged but not them? That doesn’t make sense. Whoever reads those needs to read the string of comments before doing anything bc it’s happened like 6 times already. 

Update: I’m now shadow banned permanently so I can’t grow my business and they’re threatening to remove me entirely. Every picture I’ve ever taken, all the hard work, will be deleted and I’m not allowed to have them anymore. They’re screwing me over. I reported bullying so many times and was ignored but as soon as I fight back, I lose everything I’ve worked so hard for. Thanks Instagram. I can’t stand you people. You’ve ruined this app. All of my time and effort is now wasted and I can’t do anything to get back what I put into this.",1,us,frog master 🐸🐸🐸,2023-03-01T13:44:05Z,"The new updates are terrible. I love Instagram. It’s my main app. I use it all the time. But this new update Omg. They keep adding garbage it doesn’t need that just clutters the screen or irritates me. So many bugs. You can’t log in on pc anymore and instead of fixing that they added notes? Isn’t your story the same exact thing? And the worst one is when I’m trying to look at someone profile and videos and it keeps the bar up top that I do not care about covering your entire screen so you can’t even see anything. It’s so frustrating. ALSO You guys keep flagging me and taking down my responses to people who will not stop bullying me and I keep reporting their comments but you say their in the right?? Telling me my teeth are awful and that I should go die is fine but the moment I finally respond back is when I get MY comment taken down and flagged but not them? That doesn’t make sense. Whoever reads those needs to read the string of comments before doing anything bc it’s happened like 6 times already. Update: I’m now shadow banned permanently so I can’t grow my business and they’re threatening to remove me entirely. Every picture I’ve ever taken, all the hard work, will be deleted and I’m not allowed to have them anymore. They’re screwing me over. I reported bullying so many times and was ignored but as soon as I fight back, I lose everything I’ve worked so hard for. Thanks Instagram. I can’t stand you people. You’ve ruined this app. All of my time and effort is now wasted and I can’t do anything to get back what I put into this."
14259588398,My griped and issues with this app,"You know when you switch apps away from IG to view an ad or to check on something else and when you come back it reloads and where you were is gone? Yeah we all fn hate that Meta.   You know when we press and hold on the right wanting to zoom and instead we get a popup asking us to change a setting for speed up, instead of just doing it instantly like it works everywhere else these days, yeah we hate that too…. You know how sometimes there’s content we want to zoom on to get greater detail and for some reason in some videos it pauses the content and others it doesn’t creating this idiotic inconsistency? Wr all hate that too. We also don’t appreciate your stance on nudity or the first amendment. Policing content shouldn’t be the job of a platform and should be the responsibility of the account holder. In America we can block accounts we don’t like. It is however your job in my opinion to enact technological advancements to filter 18+ adult content. You should give parents the ability to create accounts for children and enable parental filters. Tracking content category and reviews should also be imposed for child accounts so parents can review what their children are exposing themselves too. But for adults, we should have an option to allow or disallow adult content. It’s time IG made major sweeping app changes before it gets left in the dust.",3,us,NYNate718,2026-07-03T21:46:38Z,"My griped and issues with this app. You know when you switch apps away from IG to view an ad or to check on something else and when you come back it reloads and where you were is gone? Yeah we all fn hate that Meta. You know when we press and hold on the right wanting to zoom and instead we get a popup asking us to change a setting for speed up, instead of just doing it instantly like it works everywhere else these days, yeah we hate that too.... You know how sometimes there’s content we want to zoom on to get greater detail and for some reason in some videos it pauses the content and others it doesn’t creating this idiotic inconsistency? Wr all hate that too. We also don’t appreciate your stance on nudity or the first amendment. Policing content shouldn’t be the job of a platform and should be the responsibility of the account holder. In America we can block accounts we don’t like. It is however your job in my opinion to enact technological advancements to filter 18+ adult content. You should give parents the ability to create accounts for children and enable parental filters. Tracking content category and reviews should also be imposed for child accounts so parents can review what their children are exposing themselves too. But for adults, we should have an option to allow or disallow adult content. It’s time IG made major sweeping app changes before it gets left in the dust."
13945666396,The good the bad ugly world,"The good must uplift every person that we have contact with show them that we can be happy And happy for what they have. It’s a treat everyone the same. Is a treat people the way you wanna be treated I look to the heavens above. The watch is over you 
The Bad people in hatred my problem is I don’t hate anybody your problems if they can go away it will be a beautiful thing but they don’t so I let that problem. Do not take away my happiness because when I speak to you I want you to have a beautiful day
The ugly you speak and they don’t speak back the adjuster of Goodwill when you speak in the morning some people hate their jobs. Say what’s good about this morning you got it you made it to work and when you give Goodwill to others, your whole day is blessed so when they don’t speak, they don’t know that I pray to the heavens to watch over them. I have problems too, but somehow someway I do not understand, but I pray to the heavens anyway. And he takes care of it his angels watch over me.
So I’m asking people to be kind of one another I speak to one another This is the way I live in my life no matter how much money you have we can’t take it with us. Well, I can say I love you when you didn’t love me. but every religion praises to a higher power, but some people don’t practice what they preach. kindness and discernment will win over the bad and the ugly",5,us,help One timer 55,2026-04-11T08:20:56Z,"The good the bad ugly world. The good must uplift every person that we have contact with show them that we can be happy And happy for what they have. It’s a treat everyone the same. Is a treat people the way you wanna be treated I look to the heavens above. The watch is over you The Bad people in hatred my problem is I don’t hate anybody your problems if they can go away it will be a beautiful thing but they don’t so I let that problem. Do not take away my happiness because when I speak to you I want you to have a beautiful day The ugly you speak and they don’t speak back the adjuster of Goodwill when you speak in the morning some people hate their jobs. Say what’s good about this morning you got it you made it to work and when you give Goodwill to others, your whole day is blessed so when they don’t speak, they don’t know that I pray to the heavens to watch over them. I have problems too, but somehow someway I do not understand, but I pray to the heavens anyway. And he takes care of it his angels watch over me. So I’m asking people to be kind of one another I speak to one another This is the way I live in my life no matter how much money you have we can’t take it with us. Well, I can say I love you when you didn’t love me. but every religion praises to a higher power, but some people don’t practice what they preach. kindness and discernment will win over the bad and the ugly"
2041145707,Suggestion and feedback on recent updates,"Suggestion: I’d like to suggest something because it’s been bothering me for a long time. When I click on a certain #, I am looking for that person, not related people to her. For example, I search the #dinahjane tag because I look for Dinah Jane posts, the Fifth Harmony member. I don’t wanna see posts of related people to her or other artists. Which happens a lot since fans on Instagram use other artists hashtags to try getting likes when all it does really is bother people like me because their # search is filled with EVERYONE but the person I wanna see, in this case Dinah Jane. I wanna ask to add a tool that can “filter” this type of posts so they don’t flood the # search with random people anymore, it’s super annoying and takes me AGES to find posts about the person I am looking for. It would make easier the lives of everyone including us fans that runs update accounts for the artists, we want an easy way to find pictures of OUR faves, if I wanted to see other people related to her/artists I’d search for that specific artist. If I searched the #dinahjane hashtag is because I wanna see DINAH JANE FROM FIFTH HARMONY. Could be a tool with facial recognition that only lets you post using the hashtag if you can scan and recognize that in the post (video or picture) posted you can scan and see the face of the artist (aka Dinah Jane). Do you get me? 
Feedback: please bring the chronological order back I’m tired of seeing posts from 5 days ago, looking like a stalker for liking and not seeing recent posts. Thank you.",3,us,LoverWallpappersss,2017-12-30T13:47:14Z,"Suggestion and feedback on recent updates. Suggestion: I’d like to suggest something because it’s been bothering me for a long time. When I click on a certain #, I am looking for that person, not related people to her. For example, I search the #dinahjane tag because I look for Dinah Jane posts, the Fifth Harmony member. I don’t wanna see posts of related people to her or other artists. Which happens a lot since fans on Instagram use other artists hashtags to try getting likes when all it does really is bother people like me because their # search is filled with EVERYONE but the person I wanna see, in this case Dinah Jane. I wanna ask to add a tool that can “filter” this type of posts so they don’t flood the # search with random people anymore, it’s super annoying and takes me AGES to find posts about the person I am looking for. It would make easier the lives of everyone including us fans that runs update accounts for the artists, we want an easy way to find pictures of OUR faves, if I wanted to see other people related to her/artists I’d search for that specific artist. If I searched the #dinahjane hashtag is because I wanna see DINAH JANE FROM FIFTH HARMONY. Could be a tool with facial recognition that only lets you post using the hashtag if you can scan and recognize that in the post (video or picture) posted you can scan and see the face of the artist (aka Dinah Jane). Do you get me? Feedback: please bring the chronological order back I’m tired of seeing posts from 5 days ago, looking like a stalker for liking and not seeing recent posts. Thank you."
13362389864,Terrible app,"OK, so first let me begin with saying I had currently had my Facebook page for longer than a year. I never had our problems with anything never been banned never had any account restrictions never had any problems with that anything so an Instagram is usually how I communicate with my child’s father given the circumstances that we are far apart states away, so I figured I could add them. I could make an Instagram account and possibly get a hold of him so tell me why I made the Instagram account not even two days later to using the account. I hadn’t even used the account. I was just signed up with it already. My Facebook page was banned on account of my Instagram account not meeting requirements or whatever the situation maybe well I think this is very unprofessional and very uncalled for like there’s ads everywhere sign up with Instagram sign up with Instagram when Instagram just banned my account for no reason the only account that I had to communicate back-and-forth with my family over the Internet, social media definitely will not be recommending Instagram platform to anyone end of the country out of the country, family members, friends, etc. if I could give negative stars I would definitely not worth it. I lost all of my information all of my photos all of my family photos everything that I have valued in with my family that are over state and overseas that I can no longer get in contact with due to the loss of an in a restricted Instagram account .",1,us,None878,2025-11-06T05:45:26Z,"Terrible app. OK, so first let me begin with saying I had currently had my Facebook page for longer than a year. I never had our problems with anything never been banned never had any account restrictions never had any problems with that anything so an Instagram is usually how I communicate with my child’s father given the circumstances that we are far apart states away, so I figured I could add them. I could make an Instagram account and possibly get a hold of him so tell me why I made the Instagram account not even two days later to using the account. I hadn’t even used the account. I was just signed up with it already. My Facebook page was banned on account of my Instagram account not meeting requirements or whatever the situation maybe well I think this is very unprofessional and very uncalled for like there’s ads everywhere sign up with Instagram sign up with Instagram when Instagram just banned my account for no reason the only account that I had to communicate back-and-forth with my family over the Internet, social media definitely will not be recommending Instagram platform to anyone end of the country out of the country, family members, friends, etc. if I could give negative stars I would definitely not worth it. I lost all of my information all of my photos all of my family photos everything that I have valued in with my family that are over state and overseas that I can no longer get in contact with due to the loss of an in a restricted Instagram account ."
12955260955,"Annoying features, fine app","Some features I absolutely hate and make me want to delete this app and message somewhere else: the fact that you can continue typing even the the app won’t stop screaming at you that the message is too long, and then it’s hard to delete because the message won’t stop popping up every time you delete a single letter, as well as the app likes to lock you into a word that it’s trying to autofill so you keep having to swipe the “message is too long” message out the way to try to tap the word and delete it, while that message just keeps popping up. Either do not limit message length or put a hard stop on how long it can be. 2) Facebook sharing is automatically on and I don’t need my family seeing things I post since I am trans and not fully out to them. 3) most of the stuff advertised to me is OF creators on threads, I’m tired of seeing instagram advertise thirst traps to me when they banned my second account where I modeled in revealing but NOT PORNOGRAPHIC clothing (probably because my account got brigaded by anti trans people) and a lot of these accounts are actually just basically porn.
Other than that it’s a fine app but I definitely wouldn’t say it should be allowed for anyone who’s a minor till they fix the porn and thirst trap issue.",3,us,Ckrollage7,2025-07-30T16:01:27Z,"Annoying features, fine app. Some features I absolutely hate and make me want to delete this app and message somewhere else: the fact that you can continue typing even the the app won’t stop screaming at you that the message is too long, and then it’s hard to delete because the message won’t stop popping up every time you delete a single letter, as well as the app likes to lock you into a word that it’s trying to autofill so you keep having to swipe the “message is too long” message out the way to try to tap the word and delete it, while that message just keeps popping up. Either do not limit message length or put a hard stop on how long it can be. 2) Facebook sharing is automatically on and I don’t need my family seeing things I post since I am trans and not fully out to them. 3) most of the stuff advertised to me is OF creators on threads, I’m tired of seeing instagram advertise thirst traps to me when they banned my second account where I modeled in revealing but NOT PORNOGRAPHIC clothing (probably because my account got brigaded by anti trans people) and a lot of these accounts are actually just basically porn. Other than that it’s a fine app but I definitely wouldn’t say it should be allowed for anyone who’s a minor till they fix the porn and thirst trap issue."
12852567106,.,"Meta is literally suspending thousands of accounts for child exploitation due to their new AI system and they have gone blind to it, not addressing or fixing their problems. This is why AI should never be replacing real human jobs. Things like this happen and it hurts a lot of people. I sincerely hope this issue is resolved and fixed ASAP because thousands of people are losing their business accounts, their sense of income, memories, photos and videos, and contact with family and friends through meta services. All for something they didn’t do. It’s sickening. People who post literal CP are able to continue their usage of their accounts, but normal people are being suspended for CSE with no trace of it on their activity at all. And don’t even bother making a new account. They’ll get that one too. This isn’t just happening on Instagram, either — it’s happening across facebook too. Meta is radiosilent and they’re impossible to contact. This is a serious issue, and it’s not being addressed. Not only is this affecting users, but it’s affecting the app too which makes it even more boggling that meta hasn’t addressed this issue. Thousands of users are physically unable to use or access their accounts. Thousands. This is hurting meta too.",5,us,EleonoreWhitelyn,2025-07-04T18:51:01Z,".. Meta is literally suspending thousands of accounts for child exploitation due to their new AI system and they have gone blind to it, not addressing or fixing their problems. This is why AI should never be replacing real human jobs. Things like this happen and it hurts a lot of people. I sincerely hope this issue is resolved and fixed ASAP because thousands of people are losing their business accounts, their sense of income, memories, photos and videos, and contact with family and friends through meta services. All for something they didn’t do. It’s sickening. People who post literal CP are able to continue their usage of their accounts, but normal people are being suspended for CSE with no trace of it on their activity at all. And don’t even bother making a new account. They’ll get that one too. This isn’t just happening on Instagram, either — it’s happening across facebook too. Meta is radiosilent and they’re impossible to contact. This is a serious issue, and it’s not being addressed. Not only is this affecting users, but it’s affecting the app too which makes it even more boggling that meta hasn’t addressed this issue. Thousands of users are physically unable to use or access their accounts. Thousands. This is hurting meta too."
6367417356,I’m case Systrom and his staff only read good reviews.,"Look Instagram is great, I find it very entertaining and go on it almost every day. But it is really hard for new artists like my friends and myself and even bigger artists to continue using it because of the algorithm that flops our accounts. I am aware that there is the whole idea where you should post often, but it gets very discouraging when you have to fight tooth and nail to get your post noticed and it doesn’t make sense that you earn all of these followers and only 10% active or inactive can see it. I have a friend artist who draws amazing realism and had nearly 5k followers and would get thousands of likes in her posts, but thanks to the algorithm she now only has 2,970 followers and on a good day gets 500 likes. I get that part of it has to do with people’s preferences but this proves that Instagram doesn’t appreciate their users hard work and talent that is put into their posts. 

Another downfall is that Instagram doesn’t allow people to take breaks from it for mental health, and because of that, it is even more frustrating to even try to use the app. How am I supposed to want to keep using Instagram if it doesn’t even promote mental and emotional wellness by allowing people to take breaks? If the Creators of Instagram appreciate their users and respect their well being, then they would revise this algorithm to give everyone a fair chance. I’m not saying that every artist or creator will make it big, but I am saying that maybe more artists will actually use Instagram if they knew they had a fair shot at success. We make up a fairly large percentage of people that use Instagram after all, I guess we’ll see if the creators really care about their users or not.",5,us,Does Kevin Systrom Care,2020-08-27T17:59:11Z,"I’m case Systrom and his staff only read good reviews.. Look Instagram is great, I find it very entertaining and go on it almost every day. But it is really hard for new artists like my friends and myself and even bigger artists to continue using it because of the algorithm that flops our accounts. I am aware that there is the whole idea where you should post often, but it gets very discouraging when you have to fight tooth and nail to get your post noticed and it doesn’t make sense that you earn all of these followers and only 10% active or inactive can see it. I have a friend artist who draws amazing realism and had nearly 5k followers and would get thousands of likes in her posts, but thanks to the algorithm she now only has 2,970 followers and on a good day gets 500 likes. I get that part of it has to do with people’s preferences but this proves that Instagram doesn’t appreciate their users hard work and talent that is put into their posts. Another downfall is that Instagram doesn’t allow people to take breaks from it for mental health, and because of that, it is even more frustrating to even try to use the app. How am I supposed to want to keep using Instagram if it doesn’t even promote mental and emotional wellness by allowing people to take breaks? If the Creators of Instagram appreciate their users and respect their well being, then they would revise this algorithm to give everyone a fair chance. I’m not saying that every artist or creator will make it big, but I am saying that maybe more artists will actually use Instagram if they knew they had a fair shot at success. We make up a fairly large percentage of people that use Instagram after all, I guess we’ll see if the creators really care about their users or not."
13971033717,"Useful, but too addictive and too messy","Instagram is pretty useful in some ways. Like, its good for messaging friends or following people I care about, and discovering new places or restaurants, that kind of thing. I keep up with creators and stuff too, so I keep it on my phone. Theres real value there, I think. But honestly, the app feels way too loaded up now. The feed used to be more about photos from the people I follow, but its turned into this endless stream of Reels and ads, plus all these suggested posts that the algorithm shoves at you. It makes it super easy to scroll for hours without even realizing. And then there are so many features piled on, Reels, Stories, Notes, even stuff like Threads or shopping recommendations, and notifications that never stop. That gets a bit messy for me. Instagram doesnt feel calm anymore, or personal like it did before. Its all about grabbing your attention, not really thinking about if thats good for you or not. It seems optimized just to keep you hooked. I rate it three stars out of five. Its still polished and useful overall, but I wish there was more control for users. Like a feed that shows only what you follow, without so many suggestions, or better tools to limit time, fewer ads maybe, and not pushing Reels so hard all the time. It’s a useful app, sure, but right now it’s not the healthiest thing to use.",3,us,Arsenii Z,2026-04-18T13:26:29Z,"Useful, but too addictive and too messy. Instagram is pretty useful in some ways. Like, its good for messaging friends or following people I care about, and discovering new places or restaurants, that kind of thing. I keep up with creators and stuff too, so I keep it on my phone. Theres real value there, I think. But honestly, the app feels way too loaded up now. The feed used to be more about photos from the people I follow, but its turned into this endless stream of Reels and ads, plus all these suggested posts that the algorithm shoves at you. It makes it super easy to scroll for hours without even realizing. And then there are so many features piled on, Reels, Stories, Notes, even stuff like Threads or shopping recommendations, and notifications that never stop. That gets a bit messy for me. Instagram doesnt feel calm anymore, or personal like it did before. Its all about grabbing your attention, not really thinking about if thats good for you or not. It seems optimized just to keep you hooked. I rate it three stars out of five. Its still polished and useful overall, but I wish there was more control for users. Like a feed that shows only what you follow, without so many suggestions, or better tools to limit time, fewer ads maybe, and not pushing Reels so hard all the time. It’s a useful app, sure, but right now it’s not the healthiest thing to use."
8971213132,New reels feature,"For some reason my account always seems to test new stuff. I’d be less annoyed by it if there was a way to give feedback on it nice I don’t think Instagram cares about these reviews but oh well. 

Reels especially will change often (just viewing I don’t create them). My husband doesn’t get these features and doesn’t know what I’m talking about most of the time until I show him. There was a bar at the bottom of the screen for a while to show how long the reel had left, tapping the screen paused it instead of muting/unmuting, and for a bit I could slide a thing at the bottom of the reel to fast forward/go to a certain point in the video. Lots of others things but it changes so often I can’t keep up. Well now they seem to be testing something with certain reels that makes them brighter and the text dulls so you can see the whole video. Two problems here. One I cannot read the captions because even if you click on it it stays dull while the reel is so bright I’m blinded. Second it is a terrible idea for people with vision problems, sensitive eyes, and migraines/headaches! Even if I’m keeping my brightness low and my white balance low certain reel will be max brightness. It’s awful for my eyes so I just end up not watching reels until my eyes don’t feel sensitive. I’m still more likely to skip one if it’s bright like that. Basically I hope it’s one of the things they test and then take away. It’s a useless feature that takes away from the experience to say the least.",3,us,ndwowifnjsaihenskxhr,2022-08-12T13:54:53Z,"New reels feature. For some reason my account always seems to test new stuff. I’d be less annoyed by it if there was a way to give feedback on it nice I don’t think Instagram cares about these reviews but oh well. Reels especially will change often (just viewing I don’t create them). My husband doesn’t get these features and doesn’t know what I’m talking about most of the time until I show him. There was a bar at the bottom of the screen for a while to show how long the reel had left, tapping the screen paused it instead of muting/unmuting, and for a bit I could slide a thing at the bottom of the reel to fast forward/go to a certain point in the video. Lots of others things but it changes so often I can’t keep up. Well now they seem to be testing something with certain reels that makes them brighter and the text dulls so you can see the whole video. Two problems here. One I cannot read the captions because even if you click on it it stays dull while the reel is so bright I’m blinded. Second it is a terrible idea for people with vision problems, sensitive eyes, and migraines/headaches! Even if I’m keeping my brightness low and my white balance low certain reel will be max brightness. It’s awful for my eyes so I just end up not watching reels until my eyes don’t feel sensitive. I’m still more likely to skip one if it’s bright like that. Basically I hope it’s one of the things they test and then take away. It’s a useless feature that takes away from the experience to say the least."
7007063128,What happened?,"I didn’t have any social media until a few years ago, and when I finally decided to do so, Instagram was the first app I downloaded. I love how the app works in allowing us to share posts/pictures and videos, and it’s been great for me to catch up with friends I can’t otherwise spend time with. However, recent updates and changes have made it more challenging to navigate through the app. The one item I am particularly disappointed with is the fact that now, accounts I follow don’t have their posts appearing in chronological order. I can’t be on Instagram all day long because I have responsibilities. I have a life outside of social media. In the past, it was nice because I could check in, and any posts shared would be shown from most recently uploaded posts (unseen by me) to the posts that I had last seen. It was very clear and in chronological order. Now, the setup is more like Facebook. I don’t want the layout to resemble Facebook. I will simply end up seeing the same posts that I’ve seen and liked over and over again, while missing posts from the people I want to stay connected to. I don’t know what has happened, but please change it back. I want to keep using this form of social media, because I would like to stay in touch with my friends. However, if this issue goes unresolved I will get increasingly more annoyed and frustrated. I would very much hate to entertain the thought of stopping my use of Instagram. If you’ve read everything up to this point, I want to thank you for doing so. I would appreciate it all the more so if you were to take my review under consideration. Thank you very much.",4,us,J🦖B1016,2021-02-17T23:11:57Z,"What happened?. I didn’t have any social media until a few years ago, and when I finally decided to do so, Instagram was the first app I downloaded. I love how the app works in allowing us to share posts/pictures and videos, and it’s been great for me to catch up with friends I can’t otherwise spend time with. However, recent updates and changes have made it more challenging to navigate through the app. The one item I am particularly disappointed with is the fact that now, accounts I follow don’t have their posts appearing in chronological order. I can’t be on Instagram all day long because I have responsibilities. I have a life outside of social media. In the past, it was nice because I could check in, and any posts shared would be shown from most recently uploaded posts (unseen by me) to the posts that I had last seen. It was very clear and in chronological order. Now, the setup is more like Facebook. I don’t want the layout to resemble Facebook. I will simply end up seeing the same posts that I’ve seen and liked over and over again, while missing posts from the people I want to stay connected to. I don’t know what has happened, but please change it back. I want to keep using this form of social media, because I would like to stay in touch with my friends. However, if this issue goes unresolved I will get increasingly more annoyed and frustrated. I would very much hate to entertain the thought of stopping my use of Instagram. If you’ve read everything up to this point, I want to thank you for doing so. I would appreciate it all the more so if you were to take my review under consideration. Thank you very much."
6652888712,Stupid reels!!! 🛑 Tool bar,"I honestly don’t even know what’s going on with all of theses unnecessary updates for Instagram and one of them is Reel. First off, you just absolutely replaced the explore page with REELS!!! that look like tik tok!!! I say replaced because I couldn’t even find it at first and I barley even walked the reel you have on the app! So to make it it’s own bog section through me off!! If I wanted to be on tik tok umm I have the app for that but what I don’t need it two absolute versions of it. I she have the say so to update to that change if I wanted but it was enforced which I don’t like 👍🏾 these updates are way to sudden and happening like unusually fast.

Edit update: I’ve seen that they added back the search/explore page back to the bottom like y’all should so thanks but you still have reels at the bottom and the shop bag as well were the notifications heart and icon for posting was and it’s stupid. Why does reels and the shop bag have its own section??! It’s not something I ever use and it was fine the way it was. The home page icon, the search/explore, the post , heart notifications and your page icons!! That’s how it’s supposed to be and is really the only things I utilize on the app. The rest of the additional things that’s give there own section isn’t necessary. I know your trying to update the app to make it better but those things didn’t need improvement as far as placement. Your actually taking the meaning and design always from the app and the enjoyment by copying and making it bits and pieces of something else other apps have.",5,us,honeypoppin,2020-11-16T19:54:55Z,"Stupid reels!!! 🛑 Tool bar. I honestly don’t even know what’s going on with all of theses unnecessary updates for Instagram and one of them is Reel. First off, you just absolutely replaced the explore page with REELS!!! that look like tik tok!!! I say replaced because I couldn’t even find it at first and I barley even walked the reel you have on the app! So to make it it’s own bog section through me off!! If I wanted to be on tik tok umm I have the app for that but what I don’t need it two absolute versions of it. I she have the say so to update to that change if I wanted but it was enforced which I don’t like 👍🏾 these updates are way to sudden and happening like unusually fast. Edit update: I’ve seen that they added back the search/explore page back to the bottom like y’all should so thanks but you still have reels at the bottom and the shop bag as well were the notifications heart and icon for posting was and it’s stupid. Why does reels and the shop bag have its own section??! It’s not something I ever use and it was fine the way it was. The home page icon, the search/explore, the post , heart notifications and your page icons!! That’s how it’s supposed to be and is really the only things I utilize on the app. The rest of the additional things that’s give there own section isn’t necessary. I know your trying to update the app to make it better but those things didn’t need improvement as far as placement. Your actually taking the meaning and design always from the app and the enjoyment by copying and making it bits and pieces of something else other apps have."
12063055426,I don’t know why i get suspended and i can’t login to my other accounts,"Always said that my password isn’t correct 

I had an Instagram for over a decade and in September it was suspended for ""fraud"". I had never violated any of the community guidelines. I filed several appeals with videos of my face and sent several emails to Instagram support without a response. This was during hurricane Helene disaster in my area and without phone lines this was one of the only ways to contact some people.
My Facebook was also disabled as a result. There was never a response to my suspension and eventually I got an email saying it had been permanently banned again. I've never violated any of the community policies. I created a new Facebook and Instagram account which I have had for less than a month. Twice now, my Instagram account has suspended me from doing certain activities like adding friends or liking and viewing stories. I don't like an excessive amount of stories or comment excessively. I also did not follow a large number of people. I was only trying to follow the ones I had followed previously on my prior Instagram. Today I received another notice that my account has been disabled for fraud. This time it requested not only a video of my face but a picture of my license or ID. I submitted both but l'm not hopeful since I didn't get a response last time. There is clearly an issue with suspending accounts incorrectly, there should be a team to be able to respond and correct this, especially since it's some peoples only form of contact with others",1,us,Mohamedputcho,2024-12-14T16:57:25Z,"I don’t know why i get suspended and i can’t login to my other accounts. Always said that my password isn’t correct I had an Instagram for over a decade and in September it was suspended for ""fraud"". I had never violated any of the community guidelines. I filed several appeals with videos of my face and sent several emails to Instagram support without a response. This was during hurricane Helene disaster in my area and without phone lines this was one of the only ways to contact some people. My Facebook was also disabled as a result. There was never a response to my suspension and eventually I got an email saying it had been permanently banned again. I've never violated any of the community policies. I created a new Facebook and Instagram account which I have had for less than a month. Twice now, my Instagram account has suspended me from doing certain activities like adding friends or liking and viewing stories. I don't like an excessive amount of stories or comment excessively. I also did not follow a large number of people. I was only trying to follow the ones I had followed previously on my prior Instagram. Today I received another notice that my account has been disabled for fraud. This time it requested not only a video of my face but a picture of my license or ID. I submitted both but l'm not hopeful since I didn't get a response last time. There is clearly an issue with suspending accounts incorrectly, there should be a team to be able to respond and correct this, especially since it's some peoples only form of contact with others"
11285652804,"Instagram wrongfully removed my comment, and wont reinstate it","Instagrams terrible AI moderation wrongfully removed my comment for “buying, selling, or exchanging regulated goods” because i was talking about illegal drugs. My comment was about drugs, but it had NOTHING to do with buying, selling drugs, or exchanging drugs. I didnt say ANYTHING related to selling/buying/exchanging drugs or any other illegal items. I was simply talking about drugs, which is clearly not against the rules. I submitted a review of my comment, but i now realize that the reviews must also be done by AI, because any human who isnt intellectually disabled, would instantly see that i didnt mention anything about buying, selling, or exchanging illegal items, yet less than 24 hours after i submitted the review, the AI moderation chose to still remove my comment, despite not breaking any rules. I now see why when you go to submit a review, you arent allowed to write an explanation of why your comment should be reinstated, which is what you normally do on other websites when submitting a review/appeal after getting banned, having a comment removed, and other stuff like that. They only have a few predetermined options of why your comment should be reinstated (for example the option i chose is “my comment didnt break any rules”), because clearly their AI is so bad that it wouldnt even be able to understand a written explanation. Itd probably just say that your written explanation violated TOS and ban you lol.",1,us,Glarrrrrrb!!!!!!,2024-05-19T22:53:10Z,"Instagram wrongfully removed my comment, and wont reinstate it. Instagrams terrible AI moderation wrongfully removed my comment for “buying, selling, or exchanging regulated goods” because i was talking about illegal drugs. My comment was about drugs, but it had NOTHING to do with buying, selling drugs, or exchanging drugs. I didnt say ANYTHING related to selling/buying/exchanging drugs or any other illegal items. I was simply talking about drugs, which is clearly not against the rules. I submitted a review of my comment, but i now realize that the reviews must also be done by AI, because any human who isnt intellectually disabled, would instantly see that i didnt mention anything about buying, selling, or exchanging illegal items, yet less than 24 hours after i submitted the review, the AI moderation chose to still remove my comment, despite not breaking any rules. I now see why when you go to submit a review, you arent allowed to write an explanation of why your comment should be reinstated, which is what you normally do on other websites when submitting a review/appeal after getting banned, having a comment removed, and other stuff like that. They only have a few predetermined options of why your comment should be reinstated (for example the option i chose is “my comment didnt break any rules”), because clearly their AI is so bad that it wouldnt even be able to understand a written explanation. Itd probably just say that your written explanation violated TOS and ban you lol."
8353891345,Still can’t view liked images/reels,"For months now I’ve had the same issue of not being able to view my liked picture and reels. Between me and the people I know who also use Instagram for iPhone, im the only one who doesn’t have the “settings>account>posts you’ve liked” setting anymore. And I was willing to let go viewing liked pictures because I found out that reels had an option to view liked reels, even if it was buggy. But now, neither option exists so liking pictures or reels is pointless. I basically have no reason to come back to this app because I can’t even go back and look at the art or tutorials I’ve liked/might want to use as a reference. 

I’ve also tried to contact whatever nonexistent customer service there is with no answer back whatsoever. Seriously, if you Google their customer service contact list, the only option is to report an issue through Instagram. There is no email, phone number, nothing actually useful that lets you know that your complaints or questions will be seen by a human being. Heaven forbid something good ever comes back to this app, such as the fixing of the broken algorithm that makes you view the same posts for weeks at a time. I’ve had to unfollow so many people because it was the only method to fixing the issue. Lazy, lousy excuse for “customer care.” Might as well go back to DeviantArt if you care about being an online artist in the modern day.",1,us,jayssikuh,2022-02-14T07:14:55Z,"Still can’t view liked images/reels. For months now I’ve had the same issue of not being able to view my liked picture and reels. Between me and the people I know who also use Instagram for iPhone, im the only one who doesn’t have the “settings>account>posts you’ve liked” setting anymore. And I was willing to let go viewing liked pictures because I found out that reels had an option to view liked reels, even if it was buggy. But now, neither option exists so liking pictures or reels is pointless. I basically have no reason to come back to this app because I can’t even go back and look at the art or tutorials I’ve liked/might want to use as a reference. I’ve also tried to contact whatever nonexistent customer service there is with no answer back whatsoever. Seriously, if you Google their customer service contact list, the only option is to report an issue through Instagram. There is no email, phone number, nothing actually useful that lets you know that your complaints or questions will be seen by a human being. Heaven forbid something good ever comes back to this app, such as the fixing of the broken algorithm that makes you view the same posts for weeks at a time. I’ve had to unfollow so many people because it was the only method to fixing the issue. Lazy, lousy excuse for “customer care.” Might as well go back to DeviantArt if you care about being an online artist in the modern day."
10288146210,I’m disappointed in you.,"i don't wanna be mean but I have had an issue with your recent update, which allows users to put a 30 second music clip on their notes. I have not received this update, although all of my friends have. I have tried to be patient, also tried fixing it. I restarted my phone, I updated my phone, I deleted the app, I logged out of my account, I tried updating the app multiple times just nothing. No music option on my notes. I don't understand why I am being excluded. I am hurt, and overall shocked that Instagram could exclude someone like this. I would appreciate if you would give me this update. I don't find it nice to be excluding anyone from your updates, besides I don't know why you chose me to exclude. But it is unfair, and I would like to receive this update as soon as possible. I think I deserve this, especially after you never let me use the ""Add Yours"" stickers as well. I have since gotten over it, but now I cannot let you exclude me any longer. Please give me this update, I do not deserve this. It's truly disgusting and rude of you to just leave me out. I really want this update, I am so mad you chose to leave me out of this update, out of all of the updates you have made. I love music, I really would like to put it on my notes. I don't know why you're targeting me like this, but it needs to stop. Please provide me with this update, I would love to put music on my notes. Thank you

<33",1,us,L3Mami,2023-08-22T20:26:47Z,"I’m disappointed in you.. i don't wanna be mean but I have had an issue with your recent update, which allows users to put a 30 second music clip on their notes. I have not received this update, although all of my friends have. I have tried to be patient, also tried fixing it. I restarted my phone, I updated my phone, I deleted the app, I logged out of my account, I tried updating the app multiple times just nothing. No music option on my notes. I don't understand why I am being excluded. I am hurt, and overall shocked that Instagram could exclude someone like this. I would appreciate if you would give me this update. I don't find it nice to be excluding anyone from your updates, besides I don't know why you chose me to exclude. But it is unfair, and I would like to receive this update as soon as possible. I think I deserve this, especially after you never let me use the ""Add Yours"" stickers as well. I have since gotten over it, but now I cannot let you exclude me any longer. Please give me this update, I do not deserve this. It's truly disgusting and rude of you to just leave me out. I really want this update, I am so mad you chose to leave me out of this update, out of all of the updates you have made. I love music, I really would like to put it on my notes. I don't know why you're targeting me like this, but it needs to stop. Please provide me with this update, I would love to put music on my notes. Thank you <33"
3686433656,Taking Accounts Down Unnecessarily and Random Ads,"I have been using instagram for almost 3 years, and have made my way into the fandom side of Instagram lately. I have a fan account that is in danger of being reported and taken down. Lately, many people across fandoms have had their accounts taken down from other users reporting their accounts for impersonating YouTubers or celebrities. Instagram had the chance to review the accounts and made the decision to take the accounts down. They did nothing wrong and were not impersonating anyone. One of the accounts even had the words “fan page” in their bio. You need to hire better people to review the reports, or have actual people review them and not robots.
I also don’t like how there are more ads on the site. And most of them are scams. I’ve seen some good ads for real businesses, but a lot of the ads I’ve seen are just random companies promoting random things that don’t interest me. Those are the ads that annoy me the most. I have to scroll very far down just to see the accounts I want to see, and not accounts Instagram thinks I want to see. I’m usually very active on certain accounts, but I still don’t see enough posts from them. I have to have notifications on to actually see all the posts. 
Instagram is a great app though, aside from them taking down accounts and random promotions. I love the new layout, and the explore page is better than it was a few years ago, in my opinion. I do like the communities it creates. 
But, as a final analysis, I think that Instagram should have a better review team, and should target ads better and less often.",3,us,HeyoIAlex,2019-01-23T20:58:07Z,"Taking Accounts Down Unnecessarily and Random Ads. I have been using instagram for almost 3 years, and have made my way into the fandom side of Instagram lately. I have a fan account that is in danger of being reported and taken down. Lately, many people across fandoms have had their accounts taken down from other users reporting their accounts for impersonating YouTubers or celebrities. Instagram had the chance to review the accounts and made the decision to take the accounts down. They did nothing wrong and were not impersonating anyone. One of the accounts even had the words “fan page” in their bio. You need to hire better people to review the reports, or have actual people review them and not robots. I also don’t like how there are more ads on the site. And most of them are scams. I’ve seen some good ads for real businesses, but a lot of the ads I’ve seen are just random companies promoting random things that don’t interest me. Those are the ads that annoy me the most. I have to scroll very far down just to see the accounts I want to see, and not accounts Instagram thinks I want to see. I’m usually very active on certain accounts, but I still don’t see enough posts from them. I have to have notifications on to actually see all the posts. Instagram is a great app though, aside from them taking down accounts and random promotions. I love the new layout, and the explore page is better than it was a few years ago, in my opinion. I do like the communities it creates. But, as a final analysis, I think that Instagram should have a better review team, and should target ads better and less often."
11139794608,"Really good app, got a lot of followers and likes after I made my account public","When I first started using Instagram, I didn’t know what I was doing. I am an artist, so when I got this app I posted a few of my works, but I really just wanted to look at some memes and posts from my family. After about 2-ish years I made my account public and started being more active, I got a lot of good comments from people on my posts and started gaining more and more followers. Even at that point, I started to post more each day to try to stay active and I was able to communicate with more people. Though I don’t chat with a lot of people from my DMs, I sometimes talk to people when I’m not doing much. When I got around to 1k followers, I felt like I accomplished something. Seeing people like my account, my posts and my personality made me even happier that people really do care and like for who I am. I highly recommend getting this app, screw Twitter (or X), screw Facebook, screw TikTok and other social media platforms, Instagram is in the top. If you just post stuff that you like, eventually people will like it, share with other users and you will be just as famous like me and SO many other people.",5,us,sponge_drew,2024-04-09T19:07:50Z,"Really good app, got a lot of followers and likes after I made my account public. When I first started using Instagram, I didn’t know what I was doing. I am an artist, so when I got this app I posted a few of my works, but I really just wanted to look at some memes and posts from my family. After about 2-ish years I made my account public and started being more active, I got a lot of good comments from people on my posts and started gaining more and more followers. Even at that point, I started to post more each day to try to stay active and I was able to communicate with more people. Though I don’t chat with a lot of people from my DMs, I sometimes talk to people when I’m not doing much. When I got around to 1k followers, I felt like I accomplished something. Seeing people like my account, my posts and my personality made me even happier that people really do care and like for who I am. I highly recommend getting this app, screw Twitter (or X), screw Facebook, screw TikTok and other social media platforms, Instagram is in the top. If you just post stuff that you like, eventually people will like it, share with other users and you will be just as famous like me and SO many other people."
11326302793,Ban the prompts!,"Dear Instagram and To Whom It May Concern,

Can you guys please ban the prompts, this whole prompt thing was a bad idea and people are getting out of hand with the things they have to say, it is not funny to be speaking on normalizing topics that can be very harmful for others who have went through that experience with people who have zero understanding for how it could be for one who is a victim of that type of activity. There are certain issues that have effected people physically and mentally, I’ll admit I should’ve never responded to those comments since it did make me an accomplice on my end but I now I learned that it shouldn’t be my issue to be involved in that sort of drama as I know better learning the sort of outcome that comes from a response, causing a huge issue for those that care about me, so please Instagram, do a favor and ban this feature immediately as this was a mistake on your ends and others can be offended by the sort of stupidity that others say that can lead to an outrage of people who have been offended by the comments that we in the prompts. We all need to grow up and stop leading ourselves into topics that can offend others. Please and thank you.",5,us,EddieMusic2005,2024-05-31T06:27:35Z,"Ban the prompts!. Dear Instagram and To Whom It May Concern, Can you guys please ban the prompts, this whole prompt thing was a bad idea and people are getting out of hand with the things they have to say, it is not funny to be speaking on normalizing topics that can be very harmful for others who have went through that experience with people who have zero understanding for how it could be for one who is a victim of that type of activity. There are certain issues that have effected people physically and mentally, I’ll admit I should’ve never responded to those comments since it did make me an accomplice on my end but I now I learned that it shouldn’t be my issue to be involved in that sort of drama as I know better learning the sort of outcome that comes from a response, causing a huge issue for those that care about me, so please Instagram, do a favor and ban this feature immediately as this was a mistake on your ends and others can be offended by the sort of stupidity that others say that can lead to an outrage of people who have been offended by the comments that we in the prompts. We all need to grow up and stop leading ourselves into topics that can offend others. Please and thank you."
8824368590,It’s a mess now,"I’ve had Instagram since 2013. For a while the updates were improving the experience especially as instagram grew in popularity. Probably in the last year I’ve grown to really hate instagram. It’s following the trend of all other social media sites, It’s 75% ads, and if you respond to ads saying they aren’t relevant or you don’t like them or whatever it doesn’t make a difference. For example I get a lot of alcohol adds, probably because I'm in my 20s, I’ve asked to stop seeing them a million times and I still see them daily. The algorithm is awful. My following feed is always in a weird order, I don’t see so many of my friends posts, and after every 2 posts it’s an add or a suggested account or suggested content. Doesn’t make sense. The popular page or for you page, idk what it’s called, is terrible. I was pregnant almost 2 years ago and my entire recommended feed is pregnancy related. But the worst feature by far is the reels. I despise the reels. It’s trying to be TikTok but it’s not. And it’s really just reposted TikTok’s or content that’s pretty unpleasant in my opinion. If I wanted to watch TikToks I wouldn’t have deleted TikTok. The app is a mess. It’s not fun, and I can’t stand scrolling for more than a few minutes. Also the amount of spam accounts in my Dms is ridiculous. I get tagged in spam posts daily. I report every time but it makes no difference.",2,us,ENAJF2799,2022-06-30T02:27:05Z,"It’s a mess now. I’ve had Instagram since 2013. For a while the updates were improving the experience especially as instagram grew in popularity. Probably in the last year I’ve grown to really hate instagram. It’s following the trend of all other social media sites, It’s 75% ads, and if you respond to ads saying they aren’t relevant or you don’t like them or whatever it doesn’t make a difference. For example I get a lot of alcohol adds, probably because I'm in my 20s, I’ve asked to stop seeing them a million times and I still see them daily. The algorithm is awful. My following feed is always in a weird order, I don’t see so many of my friends posts, and after every 2 posts it’s an add or a suggested account or suggested content. Doesn’t make sense. The popular page or for you page, idk what it’s called, is terrible. I was pregnant almost 2 years ago and my entire recommended feed is pregnancy related. But the worst feature by far is the reels. I despise the reels. It’s trying to be TikTok but it’s not. And it’s really just reposted TikTok’s or content that’s pretty unpleasant in my opinion. If I wanted to watch TikToks I wouldn’t have deleted TikTok. The app is a mess. It’s not fun, and I can’t stand scrolling for more than a few minutes. Also the amount of spam accounts in my Dms is ridiculous. I get tagged in spam posts daily. I report every time but it makes no difference."
7359412437,Instagram plz fix this issue. Not only is it annoying but it’s also very very VERY frustrating!!!,"I started using this app about several years ago and back then everything worked perfectly, but in these last couple of years, it has been hard to defend this app. There are some major major flaws, and it’s starting to get frustrating. Instagram used to be my #1 favorite app and I’d easily give it a 5 star rating and would recommend it to anyone who didn’t already have it, but now with all these tech issues, it’s hard to recommend it to people who are interested in getting it. For example, Instagram will randomly just crash sometimes and you won’t be able to receive or send any DMs, you can’t refresh your feed, if you try to log out and log back in, then you get the error message and there are a couple of other things as well. Instagram needs to figure this stuff out and fix it because it gets even more frustrating with each day that passes because you can’t see any DMs. This app used to be great and it ran so smoothly and flawlessly, but now it isn’t working as well as it used to. And, I also feel that Instagram is trying to add so many bells and whistles that it’s starting to turn into every other app that we use. I thought Instagram was supposed to be unique and fun in its own way, but I guess they want to be just another average app that everyone has on their phone. Instagram, please fix this issue that’s been happening for a long time now. It may not happen to everyone who has it, but for the people that it does happen to, you have to find a way to resolve it!!!",2,us,Lil_baby_boi_G,2021-05-19T06:32:11Z,"Instagram plz fix this issue. Not only is it annoying but it’s also very very VERY frustrating!!!. I started using this app about several years ago and back then everything worked perfectly, but in these last couple of years, it has been hard to defend this app. There are some major major flaws, and it’s starting to get frustrating. Instagram used to be my #1 favorite app and I’d easily give it a 5 star rating and would recommend it to anyone who didn’t already have it, but now with all these tech issues, it’s hard to recommend it to people who are interested in getting it. For example, Instagram will randomly just crash sometimes and you won’t be able to receive or send any DMs, you can’t refresh your feed, if you try to log out and log back in, then you get the error message and there are a couple of other things as well. Instagram needs to figure this stuff out and fix it because it gets even more frustrating with each day that passes because you can’t see any DMs. This app used to be great and it ran so smoothly and flawlessly, but now it isn’t working as well as it used to. And, I also feel that Instagram is trying to add so many bells and whistles that it’s starting to turn into every other app that we use. I thought Instagram was supposed to be unique and fun in its own way, but I guess they want to be just another average app that everyone has on their phone. Instagram, please fix this issue that’s been happening for a long time now. It may not happen to everyone who has it, but for the people that it does happen to, you have to find a way to resolve it!!!"
1856643354,It's almost perfect😭🙄💓,"The fact that someone can log into your account on many devices and it not log the other out is just another way and better chance of hackers getting away with hacking your account and you not know it . I know that feature may be useful at times but there's also the bad to it . I think you guys should go back to only one person being active on one account bc it's jus another way ppl can be on ur account while ur on and u don't even know it , resulting into all ur privacy and things being well aware by a whole other user or person etc...
Also the notifications u get for the ppl ur following is also aversion to your privacy because maybe u don't want everybody that u follow or that follows u to know every time u like a photo , follow someone , comment on someone's photo , or like someone's comment I just think that's a bit much . What's the point of having a Instagram if everything u do is exposing?!...I mean yah ur exposed by the government but why does everyone u follow have to get a notification in their ""following"" list on what ur doing every second ur on the gram😂
Also I think u guys should get a little more like snapchat with the face swaps , doggie filter , flower head filter and stuff like that since u guys already copied their ""stories"" lol😂. I think it was a great idea actually but yeah you guys should add face filter on there 💓😭😍😍😍other than that ur all set .😘 ohh and there's a bug with pictures on ur feed being from a long time ago but still showing as recent .",4,us,AsiyahSings,2017-10-18T05:47:58Z,"It's almost perfect😭🙄💓. The fact that someone can log into your account on many devices and it not log the other out is just another way and better chance of hackers getting away with hacking your account and you not know it . I know that feature may be useful at times but there's also the bad to it . I think you guys should go back to only one person being active on one account bc it's jus another way ppl can be on ur account while ur on and u don't even know it , resulting into all ur privacy and things being well aware by a whole other user or person etc... Also the notifications u get for the ppl ur following is also aversion to your privacy because maybe u don't want everybody that u follow or that follows u to know every time u like a photo , follow someone , comment on someone's photo , or like someone's comment I just think that's a bit much . What's the point of having a Instagram if everything u do is exposing?!...I mean yah ur exposed by the government but why does everyone u follow have to get a notification in their ""following"" list on what ur doing every second ur on the gram😂 Also I think u guys should get a little more like snapchat with the face swaps , doggie filter , flower head filter and stuff like that since u guys already copied their ""stories"" lol😂. I think it was a great idea actually but yeah you guys should add face filter on there 💓😭😍😍😍other than that ur all set .😘 ohh and there's a bug with pictures on ur feed being from a long time ago but still showing as recent ."
13619387005,User Experience Addition Proposal,"Dear Instagram,
Your app is a great platform to engage with; each feature designed to engage audiences, be a marketing tool, and allow its users to fashion it as a creative portfolio, or just a place to connect and express. Despite all this, I believe, when it comes to the organization of the “Saved” section of one’s personal account, that it would benefit to have a search bar be added. This would allow a user to directly search the name of a saved folder when looking or saving the content. My belief of this comes from my personal user experience where I have often attempted to utilize Instagram in a way similar to Pinterest, saving videos and posts for later inspiration, projects, etc… but I find it a struggle todo so, as when I go to place it in a folder I have to scroll through each and every folder I have. This creates difficulty even when I am using the folder consistently. I believe that the platform allows people to showcase so many different ideas and expressions, but when one wants to save it for later, once it is saved they may never able to find it again, or it will takes painstakingly long todo so.",5,us,M4DD13 13R00K3,2026-01-11T02:14:12Z,"User Experience Addition Proposal. Dear Instagram, Your app is a great platform to engage with; each feature designed to engage audiences, be a marketing tool, and allow its users to fashion it as a creative portfolio, or just a place to connect and express. Despite all this, I believe, when it comes to the organization of the “Saved” section of one’s personal account, that it would benefit to have a search bar be added. This would allow a user to directly search the name of a saved folder when looking or saving the content. My belief of this comes from my personal user experience where I have often attempted to utilize Instagram in a way similar to Pinterest, saving videos and posts for later inspiration, projects, etc... but I find it a struggle todo so, as when I go to place it in a folder I have to scroll through each and every folder I have. This creates difficulty even when I am using the folder consistently. I believe that the platform allows people to showcase so many different ideas and expressions, but when one wants to save it for later, once it is saved they may never able to find it again, or it will takes painstakingly long todo so."
12915275505,My account is “compromised” and unable to change password-,"Ive used instagram for 12+ years. I went on my instagram like normal but was stopped by a popup message saying “ur account has been compromised for buying followers or likes please reset password” 1. I never bought likes or followers or anything most of my followers are friends or other influencers. I tried to reset my password multiple times & keep getting the message to “try again” ive done research now & have found out there's a “mass instagram banning” accounts are being randomly accused of things they didnt do & being banned / suspended or “compromised” ive come to the conclusion that ill never get my account back it’s heartbreaking im a disabled content creator thats never posted anything that has gotten removed, never violated guidelines i feel like im being accused of something i didn't do & have no way to fix this issue ive tried every single troubleshooting method. Apparently if you PAY for the verification checkmark you can actually speak/ or email or chat with a customer support team member who can help you get your account back. But if you dont pay for a checkmark which i dont. Then you basically have 0 rights to get any help. It feels like instagram is punishing accounts that dont pay for a verification checkmark. It also seems like instagram is punishing medically disabled content creators. Ive now seen multiple stories of other disabled content creators getting their accounts banned randomly for no reason. I hope instagram fixes their “mass banning” issue “",1,us,Savannah162,2025-07-20T17:12:58Z,"My account is “compromised” and unable to change password-. Ive used instagram for 12+ years. I went on my instagram like normal but was stopped by a popup message saying “ur account has been compromised for buying followers or likes please reset password” 1. I never bought likes or followers or anything most of my followers are friends or other influencers. I tried to reset my password multiple times & keep getting the message to “try again” ive done research now & have found out there's a “mass instagram banning” accounts are being randomly accused of things they didnt do & being banned / suspended or “compromised” ive come to the conclusion that ill never get my account back it’s heartbreaking im a disabled content creator thats never posted anything that has gotten removed, never violated guidelines i feel like im being accused of something i didn't do & have no way to fix this issue ive tried every single troubleshooting method. Apparently if you PAY for the verification checkmark you can actually speak/ or email or chat with a customer support team member who can help you get your account back. But if you dont pay for a checkmark which i dont. Then you basically have 0 rights to get any help. It feels like instagram is punishing accounts that dont pay for a verification checkmark. It also seems like instagram is punishing medically disabled content creators. Ive now seen multiple stories of other disabled content creators getting their accounts banned randomly for no reason. I hope instagram fixes their “mass banning” issue “"
12198406895,you’re not that guy,we will not switch over to your app that collects our data after you accuse tiktok of doing so based on the principle it is not profitable for you. maybe instead of telling OUR congress to invest into Meta that they should invest in byte dance. a company your intern created that profited better and performed better than your app ever managed to do so in the past 10 years let alone 15 rebrandings you have done. i get messages daily telling me my account is being logged into by a device thousands of miles away from me constantly yet i have never had that problem with tiktok. you do not protect children as any instagram reels is consisted of the most disgusting comments i have ever seen in my life. you allow children on an app that allows quick access to where you live and what you do without any restrictions built into the app. you know your app is failing as an app if your rebranding consists of what your competitors are doing better in hopes of profiting off it rather that making adjustments to make your app function better. you’re the most ignorant person to ever run a technology brand to ever exist. i would rather be forced to remember my grandmothers password to her flip phone then ever use an app that tracks and listens to my private conversations in hopes of running up its ad revenue for your wallet. i hope you live a long life just so you suffer in your pathetic mess you have created longer.,1,us,💍👥🔠,2025-01-18T08:44:01Z,you’re not that guy. we will not switch over to your app that collects our data after you accuse tiktok of doing so based on the principle it is not profitable for you. maybe instead of telling OUR congress to invest into Meta that they should invest in byte dance. a company your intern created that profited better and performed better than your app ever managed to do so in the past 10 years let alone 15 rebrandings you have done. i get messages daily telling me my account is being logged into by a device thousands of miles away from me constantly yet i have never had that problem with tiktok. you do not protect children as any instagram reels is consisted of the most disgusting comments i have ever seen in my life. you allow children on an app that allows quick access to where you live and what you do without any restrictions built into the app. you know your app is failing as an app if your rebranding consists of what your competitors are doing better in hopes of profiting off it rather that making adjustments to make your app function better. you’re the most ignorant person to ever run a technology brand to ever exist. i would rather be forced to remember my grandmothers password to her flip phone then ever use an app that tracks and listens to my private conversations in hopes of running up its ad revenue for your wallet. i hope you live a long life just so you suffer in your pathetic mess you have created longer.
14122516767,AI bans.,"Bans with AI and refused to let you even speak with a real person. Customer service is not a reality. Do not trust your memories on this app, you may get banned for absolutely nothing as the ai moderation hallucinates and now all of a sudden you can’t use any of metas services nor use your oculus headset which was bought by meta. Now you have spent all this money and can’t use a thing. It’s been a year since this had occurred to me and the absolute social isolation I have endured as a girl finishing up highschool and starting college is insane with how ingrained this horrible app is in everyone you know. Clubs, social events, and friends use this app. I lost so many friends and it’s been so difficult to make new ones, all they ask are “what’s your instagram” and forget about you if you aren’t a follower because it’s just hard to communicate with everyone sucked into this app. I’m sorry about my message but this year has really been eye opening to me just how ingrained this app is to being a functioning member of society nowadays where it is just expected of you. The least you can do is have customer support. Atleast run these things by a human. Less then 5 seconds is all it took for my appeal to be denied after scanning my face— no human takes 5 seconds to review an account. Do better. Use your wealth to be a more ethical company. ATLEAST, at the very LEAST listen to the users who gave you the platform you have. And by listen, I mean having a direct way to contact a HUMAN on the team WITHOUT the need of a subscription or account.",1,us,ThatMilkyWayGalaxy,2026-05-30T08:15:29Z,"AI bans.. Bans with AI and refused to let you even speak with a real person. Customer service is not a reality. Do not trust your memories on this app, you may get banned for absolutely nothing as the ai moderation hallucinates and now all of a sudden you can’t use any of metas services nor use your oculus headset which was bought by meta. Now you have spent all this money and can’t use a thing. It’s been a year since this had occurred to me and the absolute social isolation I have endured as a girl finishing up highschool and starting college is insane with how ingrained this horrible app is in everyone you know. Clubs, social events, and friends use this app. I lost so many friends and it’s been so difficult to make new ones, all they ask are “what’s your instagram” and forget about you if you aren’t a follower because it’s just hard to communicate with everyone sucked into this app. I’m sorry about my message but this year has really been eye opening to me just how ingrained this app is to being a functioning member of society nowadays where it is just expected of you. The least you can do is have customer support. Atleast run these things by a human. Less then 5 seconds is all it took for my appeal to be denied after scanning my face— no human takes 5 seconds to review an account. Do better. Use your wealth to be a more ethical company. ATLEAST, at the very LEAST listen to the users who gave you the platform you have. And by listen, I mean having a direct way to contact a HUMAN on the team WITHOUT the need of a subscription or account."
4079352552,Jordan Harris (Norman’s Rare Guitars),"When I first started posting on Instagram I felt power and  a direction in my life for the first time. I not only shared pics of our beautiful guitars , I used this platform to teach others about the details of each guitar. I shared stories on how the business started, grew, and has evolved each year. I also scared my parents because I started gaining a large audience who read my posts like it was the newspaper. I got addicted to it and became aware that I had people listening carefully and loving the insight I was providing . I would get to work at 11 am and leave at 3am and our guitar store closed at 6 ... I told my parents not to worry and that what I was sharing abd doing was groundbreaking and will one day be on the lips of every customer. That walks in our doors .. but they didn’t believe me they thought I was just there doing drugs ... and I was but I was also working really hard and learning and teaching others about guitars abd the biz .. my parents got so mad that they threatened to send me to rehab if I didn’t stop ...they had a pet team come to my house and lock me up in the nuthouse for 7 days ... and I’m not crazy at all ... years have passed and my parents now have to deal with the fact they had me put in a mental ward and now not a single person walks in and doesn’t say that they love  and watch all of our posts on Instagram and Facebook ... so I’ve been through hell and back but it’s all in the name of Rock n Roll - and there’s s great story abd review for all of you to understand the power of Instagram ... 
with Love,
Jordan Harris ( Norman’s Rate Guitars ) Rock n roll !!!!",5,us,normans rare guitars,2019-04-30T05:14:06Z,"Jordan Harris (Norman’s Rare Guitars). When I first started posting on Instagram I felt power and a direction in my life for the first time. I not only shared pics of our beautiful guitars , I used this platform to teach others about the details of each guitar. I shared stories on how the business started, grew, and has evolved each year. I also scared my parents because I started gaining a large audience who read my posts like it was the newspaper. I got addicted to it and became aware that I had people listening carefully and loving the insight I was providing . I would get to work at 11 am and leave at 3am and our guitar store closed at 6 ... I told my parents not to worry and that what I was sharing abd doing was groundbreaking and will one day be on the lips of every customer. That walks in our doors .. but they didn’t believe me they thought I was just there doing drugs ... and I was but I was also working really hard and learning and teaching others about guitars abd the biz .. my parents got so mad that they threatened to send me to rehab if I didn’t stop ...they had a pet team come to my house and lock me up in the nuthouse for 7 days ... and I’m not crazy at all ... years have passed and my parents now have to deal with the fact they had me put in a mental ward and now not a single person walks in and doesn’t say that they love and watch all of our posts on Instagram and Facebook ... so I’ve been through hell and back but it’s all in the name of Rock n Roll - and there’s s great story abd review for all of you to understand the power of Instagram ... with Love, Jordan Harris ( Norman’s Rate Guitars ) Rock n roll !!!!"
11988484161,‘Not interested’ disabled on specific reels…,"I do like instagram and the reels the only reason I use it, hence why I’m not giving it a 1 star. The problem though is specifically the fact that some specific reels don’t give you the ability to press ‘not interested’. This is a platform where you can decide what and what not to choose for your own account what you want and don’t want to see, right? Unfortunately no, because some videos I can’t press ‘not interested’, which is really dumb because every other feel I can press ‘not interested’. That button means I don’t want more reels like this, it will not display my dislike for it for everyone to see. I don’t want it on my personal FYP. If I can’t do that, I can get more of those on my FYP, which will make me NOT want to open instagram. It doesn’t matter what you believe politically or spiritually, nobody wants their right to stop videos that they don’t like on either side of the spectrum to be taken away. Again, this button does not tell everyone that you don’t like this content, this is for you to personally say to the algorithm privately that you do not want to see more reels like this. I don’t know if it’s this app letting people choose to disable this feature, or if the algorithm is doing this because, I don’t even know??? It’s not even like removing the dislike feature because everyone can see that… This is something PERSONAL. So yeah. There’s a warning for everyone if you want to use this app. Please stop this Instagram. (I know you won’t because you’re literally one sided)🙄",2,us,Cappel 💜,2024-11-25T00:36:52Z,"‘Not interested’ disabled on specific reels.... I do like instagram and the reels the only reason I use it, hence why I’m not giving it a 1 star. The problem though is specifically the fact that some specific reels don’t give you the ability to press ‘not interested’. This is a platform where you can decide what and what not to choose for your own account what you want and don’t want to see, right? Unfortunately no, because some videos I can’t press ‘not interested’, which is really dumb because every other feel I can press ‘not interested’. That button means I don’t want more reels like this, it will not display my dislike for it for everyone to see. I don’t want it on my personal FYP. If I can’t do that, I can get more of those on my FYP, which will make me NOT want to open instagram. It doesn’t matter what you believe politically or spiritually, nobody wants their right to stop videos that they don’t like on either side of the spectrum to be taken away. Again, this button does not tell everyone that you don’t like this content, this is for you to personally say to the algorithm privately that you do not want to see more reels like this. I don’t know if it’s this app letting people choose to disable this feature, or if the algorithm is doing this because, I don’t even know??? It’s not even like removing the dislike feature because everyone can see that... This is something PERSONAL. So yeah. There’s a warning for everyone if you want to use this app. Please stop this Instagram. (I know you won’t because you’re literally one sided)🙄"
12984943506,I keep getting banned for no reason.,"Ok so basically i had a account and it got banned i appealed from it and i waited 2-3 days and tried to log back mind you i dont even know what i did i woke up and i was banned so when i logged back in after appealing they told me my account was permanently banned and said for “Child pornography “ so my first response was 🤨 first of all im not a child. I am a grown adult. secondly I never once sent or posted any nude pictures of myself or anyone else. so i moved on from that account which was kinda hard due to the fact i built that account for about 7 months and was at 1.4k but whatever i moved on so i had another account after that i had this account for about a month i got off the app to go do something on messenger i sent a message then it kicks me off saying i’ve been banned i go to look at my instagram because i don’t even post at all on facebook  so it was no way i got banned on there. So i went to instagram and i was banned again for “Child pornography” 
and i was really confused because i barely posted that day and i don’t have that bad of memory to just forget. i tried to make 2 other accounts to start another one because im getting banned for no reason at all. Both accounts got banned. one for them as soon as i made it and one of them about 15 minutes after i made it. Honestly im really just confused at this point. I tried reaching out though im not hearing back from nobody.",2,us,theyluv._bri18,2025-08-07T00:04:49Z,I keep getting banned for no reason.. Ok so basically i had a account and it got banned i appealed from it and i waited 2-3 days and tried to log back mind you i dont even know what i did i woke up and i was banned so when i logged back in after appealing they told me my account was permanently banned and said for “Child pornography “ so my first response was 🤨 first of all im not a child. I am a grown adult. secondly I never once sent or posted any nude pictures of myself or anyone else. so i moved on from that account which was kinda hard due to the fact i built that account for about 7 months and was at 1.4k but whatever i moved on so i had another account after that i had this account for about a month i got off the app to go do something on messenger i sent a message then it kicks me off saying i’ve been banned i go to look at my instagram because i don’t even post at all on facebook so it was no way i got banned on there. So i went to instagram and i was banned again for “Child pornography” and i was really confused because i barely posted that day and i don’t have that bad of memory to just forget. i tried to make 2 other accounts to start another one because im getting banned for no reason at all. Both accounts got banned. one for them as soon as i made it and one of them about 15 minutes after i made it. Honestly im really just confused at this point. I tried reaching out though im not hearing back from nobody.
11167799332,REPORTS REAL PAGES KEEPS SCAMMERS + THE THOUGHT POLICE 🧠👮‍♀️,"I’ve used instagram for a long time, I bring a lot of people to use the application through my influencer pages, people love my content, I always follow guidelines , but their ai spam always blocks me from commenting normal guideline abiding content it will instantly delete things and say marked for spam , since people always like my comments because I say smart things- the reason it gives me for deleting and blocking my content is that “this was marked for spam for trying to grow your page” I AM NATURALLY SPEAKING MY MIND AND PEOPLE CHOOSE TO LIKE AND FOLLOW BECAUSE OF IT but every day I see scam comments that don’t get deleted, I’ve reported hateful comments and they let them stay up, people dm me and my friends with scams and spam all the time but when I put real content on the platform I get attacked ? It isn’t right to silence anybody as long as they are not being hateful or crude … a suggestion for instagram I have, is make a version of instagram that has no limits on speech has an algorithm that allows everyone to be seen and only bans nudity and illegal media. It isn’t fair what I see you guys do to people on instagram shadow banning people that don’t go with the apps choice of politics, I don’t agree with the group of people I see this app shadow banning but I do believe they have a right to express their opinions online and be seen without punishment for things that aren’t illegal , INSTAGRAM THE THOUGHT POLICE 1984 GEORGE ORWELL",5,us,THE TRUE REVIEW ! !,2024-04-17T04:39:24Z,"REPORTS REAL PAGES KEEPS SCAMMERS + THE THOUGHT POLICE 🧠👮‍♀️. I’ve used instagram for a long time, I bring a lot of people to use the application through my influencer pages, people love my content, I always follow guidelines , but their ai spam always blocks me from commenting normal guideline abiding content it will instantly delete things and say marked for spam , since people always like my comments because I say smart things- the reason it gives me for deleting and blocking my content is that “this was marked for spam for trying to grow your page” I AM NATURALLY SPEAKING MY MIND AND PEOPLE CHOOSE TO LIKE AND FOLLOW BECAUSE OF IT but every day I see scam comments that don’t get deleted, I’ve reported hateful comments and they let them stay up, people dm me and my friends with scams and spam all the time but when I put real content on the platform I get attacked ? It isn’t right to silence anybody as long as they are not being hateful or crude ... a suggestion for instagram I have, is make a version of instagram that has no limits on speech has an algorithm that allows everyone to be seen and only bans nudity and illegal media. It isn’t fair what I see you guys do to people on instagram shadow banning people that don’t go with the apps choice of politics, I don’t agree with the group of people I see this app shadow banning but I do believe they have a right to express their opinions online and be seen without punishment for things that aren’t illegal , INSTAGRAM THE THOUGHT POLICE 1984 GEORGE ORWELL"
9370456567,Not for connecting with people anymore,"First they moved the notifications to the top of the app and put a shopping icon in it’s place, then they showed you ads every 2 posts on your feed, now you have to click a button to actually get to your following feed, if you just scroll on your main feed it takes you through a bunch of suggested posts. What the deal with this Instagram??? The discover page is how I find suggested posts, you don’t have to mutilate my home feed even more than you’ve already done. In their struggle to monetize the app and become tiktok they’ve completely destroyed the community aspect and made it impossible to connect and keep up with friends. Instagram is going to be their own demise. Don’t download the app if you don’t like ads every 5 seconds and never being able to see your friends on there. I’ve had the app for almost 10 years now and it’s completely unrecognizable in a bad way. I rarely get on it anymore because it’s pretty much impossible to see what we all want to see, what your friends are up to. Save yourself the trouble and annoyance and just leave this app out of your repertoire. Oh also they have new features that “crack down on bullying and harassment” but they don’t even review anything you report, like they’ll straight up tell you they receive too many reports to look at yours and don’t do anything about the rampant bullying and harassment on the app. If you have a child (of the age to Sue Instagram of course) and you’re worried about them being bullied or harassed online definitely don’t let them get this app, it does nothing to protect them.",1,us,Alynnsm,2022-12-07T14:04:33Z,"Not for connecting with people anymore. First they moved the notifications to the top of the app and put a shopping icon in it’s place, then they showed you ads every 2 posts on your feed, now you have to click a button to actually get to your following feed, if you just scroll on your main feed it takes you through a bunch of suggested posts. What the deal with this Instagram??? The discover page is how I find suggested posts, you don’t have to mutilate my home feed even more than you’ve already done. In their struggle to monetize the app and become tiktok they’ve completely destroyed the community aspect and made it impossible to connect and keep up with friends. Instagram is going to be their own demise. Don’t download the app if you don’t like ads every 5 seconds and never being able to see your friends on there. I’ve had the app for almost 10 years now and it’s completely unrecognizable in a bad way. I rarely get on it anymore because it’s pretty much impossible to see what we all want to see, what your friends are up to. Save yourself the trouble and annoyance and just leave this app out of your repertoire. Oh also they have new features that “crack down on bullying and harassment” but they don’t even review anything you report, like they’ll straight up tell you they receive too many reports to look at yours and don’t do anything about the rampant bullying and harassment on the app. If you have a child (of the age to Sue Instagram of course) and you’re worried about them being bullied or harassed online definitely don’t let them get this app, it does nothing to protect them."
10465922115,Glitch,"I’ve had 6 comments removed for supposedly breaking guidelines none of them did. simply opinions that have everything to do with the topic posted. No swears, no treats, etc. comments you would have with any adult in a living room discussion setting. That’s irritating enough especially when you see the vulgarities that are permitted to stay posted. But then every time you delete a comment my account get stuck in this not allowing me to post any comment. I’m promoted to retry or tell us. Both prompts do absolutely nothing and lead nowhere. While my account status says I can use all features. If I don’t write in a complaint it stays this way until I do. It most irritating. At this point I’ve spent more time reporting a problem than I actually spend on instagram. Wondering if anyone else has this same issue? How it can be fixed? If it can be fixed? Because if it can’t I may be done with this particular app. It’s not worth the aggravation. Adding to this do you realize that almost all of your reviews are repeating the same review over and over forever. It’s a complaint that is marked as five stars which makes absolutely no sense and changes your review scale. And now I can see why. You send the review and if you want to write another you can’t your original review comes back up and your prompted to send or cancel. These reviews date back quite a way and say the exact same thing. Is anyone working there?",1,us,Turtle slow 1,2023-10-12T13:26:55Z,"Glitch. I’ve had 6 comments removed for supposedly breaking guidelines none of them did. simply opinions that have everything to do with the topic posted. No swears, no treats, etc. comments you would have with any adult in a living room discussion setting. That’s irritating enough especially when you see the vulgarities that are permitted to stay posted. But then every time you delete a comment my account get stuck in this not allowing me to post any comment. I’m promoted to retry or tell us. Both prompts do absolutely nothing and lead nowhere. While my account status says I can use all features. If I don’t write in a complaint it stays this way until I do. It most irritating. At this point I’ve spent more time reporting a problem than I actually spend on instagram. Wondering if anyone else has this same issue? How it can be fixed? If it can be fixed? Because if it can’t I may be done with this particular app. It’s not worth the aggravation. Adding to this do you realize that almost all of your reviews are repeating the same review over and over forever. It’s a complaint that is marked as five stars which makes absolutely no sense and changes your review scale. And now I can see why. You send the review and if you want to write another you can’t your original review comes back up and your prompted to send or cancel. These reviews date back quite a way and say the exact same thing. Is anyone working there?"
6748778355,"Thanks, I hate it","I love being able to share my art with my followers but with all these terrible new updates it’s so hard to get new followers and nobody even sees my art anymore. Plus, now that you’ve rearranged the home screen, it’s really confusing. We didn’t need to have a whole new button just for reels. We didn’t need to have a whole new button just for the instagram shop. And if you really are taking away the ability to share posts, then I won’t be able to show my art to new people. The only reason I do have some followers is because people have shared those posts with other people. And it makes me happy to know that other people enjoy seeing my art. If I can make someone’s day with just a drawing, that would mean the world to me. But now it will be so much harder to do that thanks to your inconsiderate team there who only cares about the celebrities and people with millions of followers when you should be caring about the people who don’t have as many followers such as small artists like me. But there are thousands of small artists that also hate these updates. The only people that get reach are the people who have millions or thousands of followers. Please pay attention to these small artists they really want to get more reach and followers but you are making that impossible. And although 167 followers is not a lot, that’s 167 people that like my art care enough to follow. And yes I know, instagram is just some dumb app but it means a lot to me when someone takes time out of their day to like a post or follow. These updates just aren’t fair and there need to be some changes.",4,us,angry_fork_man,2020-12-13T13:08:28Z,"Thanks, I hate it. I love being able to share my art with my followers but with all these terrible new updates it’s so hard to get new followers and nobody even sees my art anymore. Plus, now that you’ve rearranged the home screen, it’s really confusing. We didn’t need to have a whole new button just for reels. We didn’t need to have a whole new button just for the instagram shop. And if you really are taking away the ability to share posts, then I won’t be able to show my art to new people. The only reason I do have some followers is because people have shared those posts with other people. And it makes me happy to know that other people enjoy seeing my art. If I can make someone’s day with just a drawing, that would mean the world to me. But now it will be so much harder to do that thanks to your inconsiderate team there who only cares about the celebrities and people with millions of followers when you should be caring about the people who don’t have as many followers such as small artists like me. But there are thousands of small artists that also hate these updates. The only people that get reach are the people who have millions or thousands of followers. Please pay attention to these small artists they really want to get more reach and followers but you are making that impossible. And although 167 followers is not a lot, that’s 167 people that like my art care enough to follow. And yes I know, instagram is just some dumb app but it means a lot to me when someone takes time out of their day to like a post or follow. These updates just aren’t fair and there need to be some changes."
10683597684,Updating troubles,"I really love Instagram but it won’t let me update it. I’ve tried restarting my phone going into settings, googling it, deleting the app and downloading it. Logging out. Logging back in everything you can think of. It’s very sad seeing all my friends with the new updates and cool things Instagram has and me just not being able to have it. I always update my iOS to the most recent updates, so it can’t be something to do with my phone update. also when I googled it, it said that sometimes your Instagram wont update if your phone is old or an android/Samsung but my phone is a newer iPhone that is always up-to-date so I don’t really understand why this is happening. it could be a glitch in the system but I’ve done everything to restart and clear out anything that could be a glitch or of this sorts. This is always been a continuous problem for me. I really don’t know why I was always the last of my friends to get the Instagram updates and I really just don’t understand why. I also have Instagram on automatic updates which it doesn’t do and when I go into the App Store and press update, it asks me to type in my password or Face ID and it is always wrong when I know that my password is not wrong because I can type in my Apple ID password for another app update and it will works just fine. It is just Instagram that won’t update. Please try and fix this Instagram A lot of these reviews are the same complaining about the updates so clearly, there is a common problem that people are not happy with.",4,us,𝙲𝚊𝚗𝚍𝚢❥,2023-12-11T23:07:10Z,"Updating troubles. I really love Instagram but it won’t let me update it. I’ve tried restarting my phone going into settings, googling it, deleting the app and downloading it. Logging out. Logging back in everything you can think of. It’s very sad seeing all my friends with the new updates and cool things Instagram has and me just not being able to have it. I always update my iOS to the most recent updates, so it can’t be something to do with my phone update. also when I googled it, it said that sometimes your Instagram wont update if your phone is old or an android/Samsung but my phone is a newer iPhone that is always up-to-date so I don’t really understand why this is happening. it could be a glitch in the system but I’ve done everything to restart and clear out anything that could be a glitch or of this sorts. This is always been a continuous problem for me. I really don’t know why I was always the last of my friends to get the Instagram updates and I really just don’t understand why. I also have Instagram on automatic updates which it doesn’t do and when I go into the App Store and press update, it asks me to type in my password or Face ID and it is always wrong when I know that my password is not wrong because I can type in my Apple ID password for another app update and it will works just fine. It is just Instagram that won’t update. Please try and fix this Instagram A lot of these reviews are the same complaining about the updates so clearly, there is a common problem that people are not happy with."
7833280969,What happened to the app I loved?,"Im in the same boat as many others here. I liked Instagram as it was different from other platforms. It’s essentially become a place to reshare tiktok videos and there’s no longer even a button on the toolbar to make a post.

There is NO customer service. My app has been glitched for SEVERAL updates and won’t allow me to share a post (even my own) to my stories. I report and hear nothing. I’ve removed the app from my phone and re download and same issue. The issue even stayed with me when I purchased a new phone! I get that there’s a huge user base, but seriously they can’t dedicate ANY energy to customer service for escalated issues?!? I’m a contractor and can no longer share the posts of my clients and partners - during a pandemic it looks even more to my clients that I’m not involved bc I can’t promote their content without taking a screenshot and creating my own post- it’s hurting my working relationships.

It’s gotten so bad that I barely use the app anymore. I don’t like Facebook SnapChat or TikTok and it’s clear that Instagram is just becoming like the others so there’s no point. I’m served adds and content I didn’t follow and am constantly missing out on important updates from people I actually care about - the whole point of the app allowing me to specifically target my experience is gone, and Instagram frankly doesn’t care about its users as they are all the product themselves.",1,us,M Aileen,2021-09-22T14:12:27Z,"What happened to the app I loved?. Im in the same boat as many others here. I liked Instagram as it was different from other platforms. It’s essentially become a place to reshare tiktok videos and there’s no longer even a button on the toolbar to make a post. There is NO customer service. My app has been glitched for SEVERAL updates and won’t allow me to share a post (even my own) to my stories. I report and hear nothing. I’ve removed the app from my phone and re download and same issue. The issue even stayed with me when I purchased a new phone! I get that there’s a huge user base, but seriously they can’t dedicate ANY energy to customer service for escalated issues?!? I’m a contractor and can no longer share the posts of my clients and partners - during a pandemic it looks even more to my clients that I’m not involved bc I can’t promote their content without taking a screenshot and creating my own post- it’s hurting my working relationships. It’s gotten so bad that I barely use the app anymore. I don’t like Facebook SnapChat or TikTok and it’s clear that Instagram is just becoming like the others so there’s no point. I’m served adds and content I didn’t follow and am constantly missing out on important updates from people I actually care about - the whole point of the app allowing me to specifically target my experience is gone, and Instagram frankly doesn’t care about its users as they are all the product themselves."
12771838035,PLEASE READ!!,"I’m absolutely furious and deeply frustrated with Instagram right now. I love the app but this is getting out of hand, They’ve suspended not only my account, which I’ve had for over two years, but also another one I’ve used for nearly six. These weren’t just random profiles they held years of memories, connections, and work. I do hair and they suspended my account with nearly 10K FOLLOWERS I tried to appeal and they banned me as a whole, this is literally how I made money and now it’s ALL down the drain. And it’s not just me people across the world are experiencing the same issue, with no clear explanation or proper support. For the record, I am of age and have always followed the platform’s guidelines. It’s unacceptable for a platform of this size to treat loyal, rule abiding users this way. I want my accounts back. I’ve done nothing wrong, I’ve respected the rules, and still, I’m being locked out without warning or explanation. Instagram seriously needs to fix their app and drastically improve their customer service. The lack of communication is infuriating, and the fact that so many people are being affected makes it even worse. We deserve answers, and more importantly, we deserve access to what we built over the years. This situation is not just frustrating  it’s completely unacceptable. 
so just to be safe if you haven’t gotten suspended yet i just suggest that you STAY OFF THE APP as a whole don’t post, don’t like, just dont even open it and DONT try and deactivate it cause you won’t get it back at all. this is just a mess",1,us,ariah grace,2025-06-14T03:29:06Z,"PLEASE READ!!. I’m absolutely furious and deeply frustrated with Instagram right now. I love the app but this is getting out of hand, They’ve suspended not only my account, which I’ve had for over two years, but also another one I’ve used for nearly six. These weren’t just random profiles they held years of memories, connections, and work. I do hair and they suspended my account with nearly 10K FOLLOWERS I tried to appeal and they banned me as a whole, this is literally how I made money and now it’s ALL down the drain. And it’s not just me people across the world are experiencing the same issue, with no clear explanation or proper support. For the record, I am of age and have always followed the platform’s guidelines. It’s unacceptable for a platform of this size to treat loyal, rule abiding users this way. I want my accounts back. I’ve done nothing wrong, I’ve respected the rules, and still, I’m being locked out without warning or explanation. Instagram seriously needs to fix their app and drastically improve their customer service. The lack of communication is infuriating, and the fact that so many people are being affected makes it even worse. We deserve answers, and more importantly, we deserve access to what we built over the years. This situation is not just frustrating it’s completely unacceptable. so just to be safe if you haven’t gotten suspended yet i just suggest that you STAY OFF THE APP as a whole don’t post, don’t like, just dont even open it and DONT try and deactivate it cause you won’t get it back at all. this is just a mess"
12196981553,👎,"This used to be a great app, but these days Meta decides what you will see and how you will experience Instagram . For example, I always disable the in-app sounds because they are annoying and unnecessary, but every few days the app enables the pointless noises on its own. The newsfeed has been taken over by so-called suggested posts, which range from random local news stations I don't care about to bigoted memes and there is no way to disable seeing these ""suggested"" posts. The ""hide all from"" feature is also broken - I hide a post from a group and I continue to see posts from that group anyway? Like, how even?
This is not supposed to be Twitter, I don't want stuff shoved into my feed if I didn't seek it out. I want to see my friend's posts, not stuff from a page I don't even follow. I don't mind ads, Meta needs to pay the light bill somehow, but this pointless engagement baiting by Meta is really irritating.
And then there are the blatant copy and paste scams flooding Marketplace and groups. Scams for handyman services and expensive items seem to be the most common and all of them have enough similarities to be removed by the same algorithm which automatically bans you in your swear at someone. Each time I report these posts and accounts, Facebook tells me that the posts don't violate the rules. It's really wild that they'd rather keep the scams up for engagement and ad placement rather than protect their users from crimes.",1,us,Marsloz,2025-01-17T23:24:45Z,"👎. This used to be a great app, but these days Meta decides what you will see and how you will experience Instagram . For example, I always disable the in-app sounds because they are annoying and unnecessary, but every few days the app enables the pointless noises on its own. The newsfeed has been taken over by so-called suggested posts, which range from random local news stations I don't care about to bigoted memes and there is no way to disable seeing these ""suggested"" posts. The ""hide all from"" feature is also broken - I hide a post from a group and I continue to see posts from that group anyway? Like, how even? This is not supposed to be Twitter, I don't want stuff shoved into my feed if I didn't seek it out. I want to see my friend's posts, not stuff from a page I don't even follow. I don't mind ads, Meta needs to pay the light bill somehow, but this pointless engagement baiting by Meta is really irritating. And then there are the blatant copy and paste scams flooding Marketplace and groups. Scams for handyman services and expensive items seem to be the most common and all of them have enough similarities to be removed by the same algorithm which automatically bans you in your swear at someone. Each time I report these posts and accounts, Facebook tells me that the posts don't violate the rules. It's really wild that they'd rather keep the scams up for engagement and ad placement rather than protect their users from crimes."
12184111414,Instagram is Trash,"I’ve had Instagram since its launch when it was just a photo sharing app, but what it’s morphed into today is un-usable.  I have watched a slow decline in the user experience, and with the recent announcement that they are doing away with fact checking and content moderation I am officially done with any Meta product.  Mark Zuckerberg is a soulless coward.  People should really think twice about continuing to use his products and line his pockets with money he is using to undermine our democracy.  Coupled with the app being literal garbage now, it’s no wonder he spent so much on lobbying congress to have Tik Tok banned, because he simply can’t innovate tech on his own…he always steals from others.  I’m old enough to remember a time before we had social media and we were just fine as a society.  I’d argue we were better off actually without the constant noice that distracts and divides us while Zuck rakes in the profits.  With where we are in the world I cannot in good faith support this monster’s companies any longer, and I urge every person concerned for the trajectory of our planet to delete their accounts and do the same.  It makes no sense to complain about the issues, and continue to use the platforms that are contributing to the issues we face.  I’m done.  Meta will never get a minute of my time or data again.  Delete your facebook and instagram people.  I promise you will survive without them just fine.",1,us,Palooke76,2025-01-14T17:36:55Z,"Instagram is Trash. I’ve had Instagram since its launch when it was just a photo sharing app, but what it’s morphed into today is un-usable. I have watched a slow decline in the user experience, and with the recent announcement that they are doing away with fact checking and content moderation I am officially done with any Meta product. Mark Zuckerberg is a soulless coward. People should really think twice about continuing to use his products and line his pockets with money he is using to undermine our democracy. Coupled with the app being literal garbage now, it’s no wonder he spent so much on lobbying congress to have Tik Tok banned, because he simply can’t innovate tech on his own...he always steals from others. I’m old enough to remember a time before we had social media and we were just fine as a society. I’d argue we were better off actually without the constant noice that distracts and divides us while Zuck rakes in the profits. With where we are in the world I cannot in good faith support this monster’s companies any longer, and I urge every person concerned for the trajectory of our planet to delete their accounts and do the same. It makes no sense to complain about the issues, and continue to use the platforms that are contributing to the issues we face. I’m done. Meta will never get a minute of my time or data again. Delete your facebook and instagram people. I promise you will survive without them just fine."
10140052688,The algorithm is upsetting,"Hi instagram! I enjoy your app with reels and such, but there are many aspects that make me want to bring my time and hard work to other apps. I am an artist, and I’m sure someone working at instagram by now has noticed how upset artists are with hashtags and how the algorithm works. We want a change so that us small artists can actually reach new followers. So far, the only way to do that is by using one audio that, by this point, everyone despises. Hashtags do not work to reach new people, and my feed doesn’t post from everyone I’m following. It chooses the same exact people to show me, and every once in awhile switches a few of them. Sometimes I refresh my feed, and it doesn’t even show me anything new. I’ve been on this platform for a long time now, and I can’t get my art out there no matter what I’m doing ! The same goes for so many amazingly talented artists, who all deserve the art to be seen. I understand that everyone wants clout and attention on this app, I also understand you can’t meet everyone’s demands all the time. We just ask that we can get a chance. At least, a chance at other people looking at our art depending on things such as hashtags. I have one reel awhile back that blew up, but it wasn’t even that good of a reel. The drawings were poor and only quickly sketched as a joke for the audio. The only reason that reel blew up was BECAUSE of the audio, and not the content. I have run across thousands of upset artists at this point, who are simply doing everything to appease the algorithm, and to no avail. I hope you take this into consideration, because at this point, you’re going to start losing people to other apps.",5,us,concerning_confetti,2023-07-14T16:39:11Z,"The algorithm is upsetting. Hi instagram! I enjoy your app with reels and such, but there are many aspects that make me want to bring my time and hard work to other apps. I am an artist, and I’m sure someone working at instagram by now has noticed how upset artists are with hashtags and how the algorithm works. We want a change so that us small artists can actually reach new followers. So far, the only way to do that is by using one audio that, by this point, everyone despises. Hashtags do not work to reach new people, and my feed doesn’t post from everyone I’m following. It chooses the same exact people to show me, and every once in awhile switches a few of them. Sometimes I refresh my feed, and it doesn’t even show me anything new. I’ve been on this platform for a long time now, and I can’t get my art out there no matter what I’m doing ! The same goes for so many amazingly talented artists, who all deserve the art to be seen. I understand that everyone wants clout and attention on this app, I also understand you can’t meet everyone’s demands all the time. We just ask that we can get a chance. At least, a chance at other people looking at our art depending on things such as hashtags. I have one reel awhile back that blew up, but it wasn’t even that good of a reel. The drawings were poor and only quickly sketched as a joke for the audio. The only reason that reel blew up was BECAUSE of the audio, and not the content. I have run across thousands of upset artists at this point, who are simply doing everything to appease the algorithm, and to no avail. I hope you take this into consideration, because at this point, you’re going to start losing people to other apps."
13575478138,Main account locked over a violation I didn’t commit (AI reviewed),"Instagram wrongfully suspended my account after falsely accusing me of guideline violations that I did not commit. I have multiple accounts, and the alleged “violation” did not even occur on my main account—it supposedly happened on a private spam account that was only for close friends. Despite this, my main account has been completely locked and is now inaccessible, even though it had no violations.  This decision appears to have been made entirely by AI, with no clear explanation and no option to appeal. What makes this especially upsetting is that my main account contains years of personal photos and memories that I am emotionally attached to, many of which cannot be recovered anywhere else. Losing access to those memories without a proper human review is devastating.  There is no way to communicate with an actual person—only automated AI responses that are unhelpful and dismissive. Unless a real human reviews my account and fixes this mistake, I may permanently lose irreplaceable content. Users deserve transparency, fairness, and access to human support when serious errors like this occur.
My user is lily_4.27 which I am actively trying to get back, the account that was “flagged” was my spam (lilywonka3) which is only for close family and friends. it was a picture of me and my family members in swim suits it was all taken with consent and we are ALL over the age of 13. If this is not reviewed I WILL be taking LEGAL action.",1,us,lily_4.27,2025-12-31T04:16:45Z,"Main account locked over a violation I didn’t commit (AI reviewed). Instagram wrongfully suspended my account after falsely accusing me of guideline violations that I did not commit. I have multiple accounts, and the alleged “violation” did not even occur on my main account—it supposedly happened on a private spam account that was only for close friends. Despite this, my main account has been completely locked and is now inaccessible, even though it had no violations. This decision appears to have been made entirely by AI, with no clear explanation and no option to appeal. What makes this especially upsetting is that my main account contains years of personal photos and memories that I am emotionally attached to, many of which cannot be recovered anywhere else. Losing access to those memories without a proper human review is devastating. There is no way to communicate with an actual person—only automated AI responses that are unhelpful and dismissive. Unless a real human reviews my account and fixes this mistake, I may permanently lose irreplaceable content. Users deserve transparency, fairness, and access to human support when serious errors like this occur. My user is lily_4.27 which I am actively trying to get back, the account that was “flagged” was my spam (lilywonka3) which is only for close family and friends. it was a picture of me and my family members in swim suits it was all taken with consent and we are ALL over the age of 13. If this is not reviewed I WILL be taking LEGAL action."
14073430418,Guidelines Don’t Make Sense Sometimes,"Helloooo, so I’ve been using instagram for forever now. I’ve always struggled with keeping some of my instagram accounts because they keep getting banned. I know why, because instagram obviously tells my why they banned my accounts in the past, but the reasons are honestly stupid. First and foremost, I’ve made many MANY business accounts in order to promote my bakery. I’ve  made about 6 accounts within the span of 6 months  and all of them have been banned after tagging my main account in the bio. I don’t tag my main account for any other reason other than I want people to know who I am ya know, like who owns the business. When I go to check, it says i’m “avoiding restrictions on one account by creating another” Which is not what’s happening at all. I didn’t even know I had Restriction’s on my main account, because I seriously don’t even get notifications of reports. I just wish all this would stop happening, or I just wish their AI technology was better and was able detect the right things. I quite literally have seen my other friends post about drugs and guns on their account, and still have it not banned. I recently had my finsta taken down (private insta acc for friends) which was really irritating. I had tagged my main account, forgetting that it does this and ended up having it banned. Mind you,  this is an account where i just post myself, and my friend, Im so confused on how that is  harmful to Instagrams community.",1,us,Mad Baker girl,2026-05-17T04:21:00Z,"Guidelines Don’t Make Sense Sometimes. Helloooo, so I’ve been using instagram for forever now. I’ve always struggled with keeping some of my instagram accounts because they keep getting banned. I know why, because instagram obviously tells my why they banned my accounts in the past, but the reasons are honestly stupid. First and foremost, I’ve made many MANY business accounts in order to promote my bakery. I’ve made about 6 accounts within the span of 6 months and all of them have been banned after tagging my main account in the bio. I don’t tag my main account for any other reason other than I want people to know who I am ya know, like who owns the business. When I go to check, it says i’m “avoiding restrictions on one account by creating another” Which is not what’s happening at all. I didn’t even know I had Restriction’s on my main account, because I seriously don’t even get notifications of reports. I just wish all this would stop happening, or I just wish their AI technology was better and was able detect the right things. I quite literally have seen my other friends post about drugs and guns on their account, and still have it not banned. I recently had my finsta taken down (private insta acc for friends) which was really irritating. I had tagged my main account, forgetting that it does this and ended up having it banned. Mind you, this is an account where i just post myself, and my friend, Im so confused on how that is harmful to Instagrams community."
13432854106,Banning and AI,"My first ever account on instagram was banned a few months ago and that account i’ve had for a while for about 3 years with no issues until it got banned for a reason that doesn’t even sound right because it is something I wouldn’t have or do. After that every account I’ve ever made to this point has gotten banned no matter what email I use or how different the accounts look. A while back I discovered that you use AI to flag accounts and ban them also in the appeals system which is honestly a horrible idea because it just means that accounts with no errors get banned. I’ve appealed lot of the accounts and never gotten an email back or anything letting me know whether I am to have them back or not it is truly ridiculous that the appeals system doesn’t even work. This entire thing just makes me wanna give up on making accounts and give up on using the app as a whole I’ve deleted it because there was no hope but then i redownloaded just to try again. Recently I have made an account and was lucky enough to be able to use it and keep it as for it not getting banned now I decided to change my name and all I did was put a simple emoji and only minutes later my account was banned for looking similar to an old one meaning even the slightest similarities get me banned which is ridiculous. I just want some real support and for a way to fix the appeals system, Also to get my account back.",1,us,4luisito,2025-11-23T19:28:47Z,"Banning and AI. My first ever account on instagram was banned a few months ago and that account i’ve had for a while for about 3 years with no issues until it got banned for a reason that doesn’t even sound right because it is something I wouldn’t have or do. After that every account I’ve ever made to this point has gotten banned no matter what email I use or how different the accounts look. A while back I discovered that you use AI to flag accounts and ban them also in the appeals system which is honestly a horrible idea because it just means that accounts with no errors get banned. I’ve appealed lot of the accounts and never gotten an email back or anything letting me know whether I am to have them back or not it is truly ridiculous that the appeals system doesn’t even work. This entire thing just makes me wanna give up on making accounts and give up on using the app as a whole I’ve deleted it because there was no hope but then i redownloaded just to try again. Recently I have made an account and was lucky enough to be able to use it and keep it as for it not getting banned now I decided to change my name and all I did was put a simple emoji and only minutes later my account was banned for looking similar to an old one meaning even the slightest similarities get me banned which is ridiculous. I just want some real support and for a way to fix the appeals system, Also to get my account back."
10014025950,Suspended at 30k for no reason! Multiple times! App has bug,"My instagram account was temporarily suspended the other day because of a promo post I uploaded to my story. I using a flagged word which is the name of the song I was promoting. I explained to Instagram how my post did not violate a community guideline. Soon I got an email saying my account was suspended by mistake, they then gave me access to my account for only a few hours. After a while Of being logged in I was suspended again? I went through the process of getting it back all over again just to be suspended for the 3rd time. I didn’t even log into my account after I got access again and I was still suspended.  I was never told a reason why, I didn’t post anything after being logged into my account. I believe there is a bug in Instagram! The app needs to be fixed and is there anyways this can be looked at by a specialist or someone who can fix this glitch? But I am a small content creator & I make all my money because of my instagram. I need that page to promote my content & do paid promotions. Without my platform I won’t be able to promote myself. And I fear that if my account keeps getting suspended I’m gonna lose my Instagram forever. I had this account for years and it took me so much effort & planning to build my Instagram. I can’t lose my followers & connections. Please help me figure out the problem. Weather it’s a glitch or something I did please tell me! Please help if you can because I’m very serious about following the community guidelines to prevent this from happening.",1,us,succubliss,2023-06-09T02:18:51Z,"Suspended at 30k for no reason! Multiple times! App has bug. My instagram account was temporarily suspended the other day because of a promo post I uploaded to my story. I using a flagged word which is the name of the song I was promoting. I explained to Instagram how my post did not violate a community guideline. Soon I got an email saying my account was suspended by mistake, they then gave me access to my account for only a few hours. After a while Of being logged in I was suspended again? I went through the process of getting it back all over again just to be suspended for the 3rd time. I didn’t even log into my account after I got access again and I was still suspended. I was never told a reason why, I didn’t post anything after being logged into my account. I believe there is a bug in Instagram! The app needs to be fixed and is there anyways this can be looked at by a specialist or someone who can fix this glitch? But I am a small content creator & I make all my money because of my instagram. I need that page to promote my content & do paid promotions. Without my platform I won’t be able to promote myself. And I fear that if my account keeps getting suspended I’m gonna lose my Instagram forever. I had this account for years and it took me so much effort & planning to build my Instagram. I can’t lose my followers & connections. Please help me figure out the problem. Weather it’s a glitch or something I did please tell me! Please help if you can because I’m very serious about following the community guidelines to prevent this from happening."
11326899466,Music/ notes,"I have had troubles with the music feature on instagram for MONTHS now. I am not able to use any music other than the few automatically shown ones that are there when I click the option, and all the songs are in some foreign language or they're instrumentals of some sort. I am not able to search for any song whatsoever as it will just tell me there are no results. I have reported this problem to instagram multiple times over the course of about 5 or 6 months and they have yet to respond in any sort of way, let alone fix the problem. I know i'm not the only one dealing with this as i've seen in reviews, as well as on other social medias such as twitter, that there have been a good amount of other people dealing with the same issues. Plus the notes that everyone can enjoy and have fun I don’t have and feel left out. This problem has been aggravating and upsetting, and the fact that i and many others have tried to reach instagram to fix this issue, yet have not even been addressed, only adds to those emotions. The music and notes was one of, if not THE most used feature for me on instagram. I have tried multiple methods on my own to resolve this issue but nothing has worked. Hoping instagram can get to the bottom of this sooner rather than later.",3,us,organe love,2024-05-31T10:50:51Z,"Music/ notes. I have had troubles with the music feature on instagram for MONTHS now. I am not able to use any music other than the few automatically shown ones that are there when I click the option, and all the songs are in some foreign language or they're instrumentals of some sort. I am not able to search for any song whatsoever as it will just tell me there are no results. I have reported this problem to instagram multiple times over the course of about 5 or 6 months and they have yet to respond in any sort of way, let alone fix the problem. I know i'm not the only one dealing with this as i've seen in reviews, as well as on other social medias such as twitter, that there have been a good amount of other people dealing with the same issues. Plus the notes that everyone can enjoy and have fun I don’t have and feel left out. This problem has been aggravating and upsetting, and the fact that i and many others have tried to reach instagram to fix this issue, yet have not even been addressed, only adds to those emotions. The music and notes was one of, if not THE most used feature for me on instagram. I have tried multiple methods on my own to resolve this issue but nothing has worked. Hoping instagram can get to the bottom of this sooner rather than later."
6283314150,Too many bugs for its popularity,"I run an informational account so I try to post as much as I can. I have an old phone, maybe 3 or 4 years, but every other app works fine. Not instagram. About half of my posts, I am unable to post. It stays at the top of my screen with a message “unable to post. Try again later” with a reload button and an x button next to it. Occasionally I am able to end up posting the original, but most of the time I have to re-caption and post it again. No matter what I do, I am unable to change the outcome - whether I turn off my WiFi or keep it on. Either it will end up posting on its own or it will just stay up there until I delete it. 
With this problem, I am unable to see what I’ve posted or the caption and I am unable to save it to post it later - either I completely delete it or I hope that it might load eventually. 
If I log onto another phone, it does not show that I am trying to post these images. It also does not show that I have any saved posts that I am ready to post - it just disregards all of the work I have already put into my account. 
For such a popular app, I would expect this process to be much easier. I should be able to see what I posted if it isn’t able to post and I should be able to decide I want to post them later if they aren’t posting. I should also be able to see posts I have created but yet to post, given that they are saved through my Instagram account and not through my phone. 
These bugs honestly make me consider that it’s not worth using the app.",2,us,Wattpadanian,2020-08-05T15:10:29Z,"Too many bugs for its popularity. I run an informational account so I try to post as much as I can. I have an old phone, maybe 3 or 4 years, but every other app works fine. Not instagram. About half of my posts, I am unable to post. It stays at the top of my screen with a message “unable to post. Try again later” with a reload button and an x button next to it. Occasionally I am able to end up posting the original, but most of the time I have to re-caption and post it again. No matter what I do, I am unable to change the outcome - whether I turn off my WiFi or keep it on. Either it will end up posting on its own or it will just stay up there until I delete it. With this problem, I am unable to see what I’ve posted or the caption and I am unable to save it to post it later - either I completely delete it or I hope that it might load eventually. If I log onto another phone, it does not show that I am trying to post these images. It also does not show that I have any saved posts that I am ready to post - it just disregards all of the work I have already put into my account. For such a popular app, I would expect this process to be much easier. I should be able to see what I posted if it isn’t able to post and I should be able to decide I want to post them later if they aren’t posting. I should also be able to see posts I have created but yet to post, given that they are saved through my Instagram account and not through my phone. These bugs honestly make me consider that it’s not worth using the app."
12200309126,Terrible app with gross and psychopathic owners,"I deleted instagram from my phone 6 months ago. I’ve never been more clear minded and closer to my self. From being addicted to this god awful app growing up in middle school - to now in big 2025 having my freedoms stripped by those in power with no intention whatsoever of genuinely helping anyone other than themselves and their rich friends. I will never support that insecure man zuck. Goes on Rogan’s podcast to pander to any brainless incels he possibly can, talking about how he “definitely has friends” lmaoooo. You people are a joke, and a plague on the earth. The mass awakening is happening and it won’t stop. All of you who view wealth accumulation as your reason for existence will get what has been coming. I don’t mean that as a threat. It’s simply a result of YOUR actions for decades, generations. You really thought we’d be stupid enough to put up with it…. Forever? Doesn’t make sense to me - I’m sure it never did to you either. I’m sure you saw this coming. Perhaps that’s why yall tryna get off the planet so bad investing in whatever rocket ship you need to be away from us peasants. We will rise regardless, & I actually implore you to leave. Because we won’t stand for anything but change. You won’t stand in our way when the entire population of workers that you exploit for profits decides they’ve had enough. The time is coming, and your actions to prevent it only accelerate it! Let it be known; YOU WILL NOT SUCCEED.",1,us,Chrissywakeup2,2025-01-18T18:26:44Z,"Terrible app with gross and psychopathic owners. I deleted instagram from my phone 6 months ago. I’ve never been more clear minded and closer to my self. From being addicted to this god awful app growing up in middle school - to now in big 2025 having my freedoms stripped by those in power with no intention whatsoever of genuinely helping anyone other than themselves and their rich friends. I will never support that insecure man zuck. Goes on Rogan’s podcast to pander to any brainless incels he possibly can, talking about how he “definitely has friends” lmaoooo. You people are a joke, and a plague on the earth. The mass awakening is happening and it won’t stop. All of you who view wealth accumulation as your reason for existence will get what has been coming. I don’t mean that as a threat. It’s simply a result of YOUR actions for decades, generations. You really thought we’d be stupid enough to put up with it.... Forever? Doesn’t make sense to me - I’m sure it never did to you either. I’m sure you saw this coming. Perhaps that’s why yall tryna get off the planet so bad investing in whatever rocket ship you need to be away from us peasants. We will rise regardless, & I actually implore you to leave. Because we won’t stand for anything but change. You won’t stand in our way when the entire population of workers that you exploit for profits decides they’ve had enough. The time is coming, and your actions to prevent it only accelerate it! Let it be known; YOU WILL NOT SUCCEED."
7647825283,The upgrade,"Ever since the most recent update the algorithm has gotten terrible. It was already bad in the sense of me not being able to see the posts from all the people I follow to just the ones I like the most and now it’s telling me it’s limiting my activity because of bots? I, like a lot of my peers, got an Instagram account when they first started and I’ve seen changes over the years some for the good and some for the bad. You’d think Instagram would honor the real people using this app instead of accusing everyone with high activity of being bots. I have a lot of friends and connections on Instagram so I have to interact with people every day and not to mention business ventures which I cannot limit because I need the $. I just don’t understand why they would do this to actual real people with real accounts that have been using the app since day 1. You would think they would have a way to weed out the bots and target their actions and activity not the real people who don’t hide behind fake pages. All this is going to do is make less and less people use the app it’s pushing away the real users and I just don’t understand why. I wish I could take back the most recent update I did on Instagram because since then everything has been terrible and hard to manage. I can’t even do anything now without seeing the limit activity pop up appearing over and over when I’m just looking at posts. Please take this away it’s just going to make me use the app less and less and I hate that because it’s my favorite app that exists. 
-a sincere Instagram user",1,us,Cloy333,2021-08-02T21:10:47Z,"The upgrade. Ever since the most recent update the algorithm has gotten terrible. It was already bad in the sense of me not being able to see the posts from all the people I follow to just the ones I like the most and now it’s telling me it’s limiting my activity because of bots? I, like a lot of my peers, got an Instagram account when they first started and I’ve seen changes over the years some for the good and some for the bad. You’d think Instagram would honor the real people using this app instead of accusing everyone with high activity of being bots. I have a lot of friends and connections on Instagram so I have to interact with people every day and not to mention business ventures which I cannot limit because I need the $. I just don’t understand why they would do this to actual real people with real accounts that have been using the app since day 1. You would think they would have a way to weed out the bots and target their actions and activity not the real people who don’t hide behind fake pages. All this is going to do is make less and less people use the app it’s pushing away the real users and I just don’t understand why. I wish I could take back the most recent update I did on Instagram because since then everything has been terrible and hard to manage. I can’t even do anything now without seeing the limit activity pop up appearing over and over when I’m just looking at posts. Please take this away it’s just going to make me use the app less and less and I hate that because it’s my favorite app that exists. -a sincere Instagram user"
10852059441,Poor content controls.,"I have had my ability to comment suspended on this app for making an economic debate in the comments section. Instead of instagram providing a phone number or email to reach out to for assistance or help as to discovering why this action was taken, if it was appropriate, or even to appeal the decision. Instagram instead has this fully automated to provide zero description of why this action was taken, finding the comment that was removed or flagged is buried, and to top it off any action to remedy the situation falls of deaf ears without even a reply. Furthermore, they have a popup that informs me of when my ability to comment will be restored and two buttons, “cancel” and “tell us” but every time I hit the tell us button the app freezes or the popup just disappears without anything else happening. I’m very disappointed because an automated system for this looses all nuance and can flag simple debates like my comment where zero violation of the guidelines can be found as a violation, and then instagram offers absolutely no method of remedying the situation so you get punished for doing absolutely nothing wrong. This entire process needs to be fixed and I would suggest actually hiring people for this process as it the current system just doesn’t work. Lastly, the account status page does not reflect this suspension and says I should have full access and ability to comment yet I still cannot comment. 

P.S. I am not the only one this is happening to. I have seen many people having real discussions that get banned from commenting or posting for things that do not violate their guidelines.",3,us,Instauswr12345,2024-01-22T18:25:05Z,"Poor content controls.. I have had my ability to comment suspended on this app for making an economic debate in the comments section. Instead of instagram providing a phone number or email to reach out to for assistance or help as to discovering why this action was taken, if it was appropriate, or even to appeal the decision. Instagram instead has this fully automated to provide zero description of why this action was taken, finding the comment that was removed or flagged is buried, and to top it off any action to remedy the situation falls of deaf ears without even a reply. Furthermore, they have a popup that informs me of when my ability to comment will be restored and two buttons, “cancel” and “tell us” but every time I hit the tell us button the app freezes or the popup just disappears without anything else happening. I’m very disappointed because an automated system for this looses all nuance and can flag simple debates like my comment where zero violation of the guidelines can be found as a violation, and then instagram offers absolutely no method of remedying the situation so you get punished for doing absolutely nothing wrong. This entire process needs to be fixed and I would suggest actually hiring people for this process as it the current system just doesn’t work. Lastly, the account status page does not reflect this suspension and says I should have full access and ability to comment yet I still cannot comment. P.S. I am not the only one this is happening to. I have seen many people having real discussions that get banned from commenting or posting for things that do not violate their guidelines."
7549007221,:/,"I’ve been using Instagram for years and honestly, I’m not a fan of these updates whatsoever. Ever since the app icon changed, I haven’t been getting notifications whatsoever no matter what I try- deleting the app, turning notifications on and off in both the app settings and phone settings, logging out and logging back in... and then the feed changed. The algorithm suddenly was random and inconsistent, which I got used to but it’s still annoying. And now, I can only see three posts at a time before being bombarded with “suggested posts” which is basically just bringing the explore page to my main feed. If I wanted to go on the explore page I’d just go on the explore page. This is causing me to lose content I usually interact with and lose people interacting with my content. I really just want my feed to go back to chronological order with no “suggested posts” getting in the way of people I follow’s content. It’s getting really frustrating and boring. There is no need for the shopping tab to be there at all. These new updates are not helpful nor appreciated. Listen to your consumers. I loved Instagram as a photo sharing app, but you’re trying way too hard to be something you aren’t. The quality of the photos went down tremendously and I feel like I’m looking at Facebook photos. Also, I have multiple accounts and none of them have the same update. They all have different features and no two accounts are the same. It’s frustrating and doesn’t make any sense. This app is going downhill so quickly because you won’t stick to what you know. Stop trying to become tik tok.",1,us,Squirmy2024,2021-07-07T11:09:51Z,":/. I’ve been using Instagram for years and honestly, I’m not a fan of these updates whatsoever. Ever since the app icon changed, I haven’t been getting notifications whatsoever no matter what I try- deleting the app, turning notifications on and off in both the app settings and phone settings, logging out and logging back in... and then the feed changed. The algorithm suddenly was random and inconsistent, which I got used to but it’s still annoying. And now, I can only see three posts at a time before being bombarded with “suggested posts” which is basically just bringing the explore page to my main feed. If I wanted to go on the explore page I’d just go on the explore page. This is causing me to lose content I usually interact with and lose people interacting with my content. I really just want my feed to go back to chronological order with no “suggested posts” getting in the way of people I follow’s content. It’s getting really frustrating and boring. There is no need for the shopping tab to be there at all. These new updates are not helpful nor appreciated. Listen to your consumers. I loved Instagram as a photo sharing app, but you’re trying way too hard to be something you aren’t. The quality of the photos went down tremendously and I feel like I’m looking at Facebook photos. Also, I have multiple accounts and none of them have the same update. They all have different features and no two accounts are the same. It’s frustrating and doesn’t make any sense. This app is going downhill so quickly because you won’t stick to what you know. Stop trying to become tik tok."
9192706644,Gone Downhill,"Used to love the app, not so much anymore. The amount of ads that are on my feed seems to be about 10x more than the actual content of people I’m following. I have to continuously scroll to even begin to see what my friends and family have posted, the top of the page is filled with ads and shop material, none of which I’m interested in. It’s not uncommon for one of these ads to be for a food joint that is only on the west coast, even though I live on the east coast and have never (nor will I) be going to this establishment. It’s also ridiculous to me that on my feed I see content from random pages I have zero interest in viewing and have never viewed, rather than displaying the accounts I’m following. Due to this, I’ll end up seeing a post from a friend three days after they posted it rather than seeing it that same night. 

I’m also having a major issue with the FYP. Before it was curated to postings similar to what I viewed/liked. Now it’s a tossup; it’s either super generic Instagram formulated landscape picture accounts or full of things I have no interest in, such as reality TV stars and shows or gossip rag magazines. I don’t mind the occasional post popping up but when my entire FYP is full of things that I have ZERO interest in, it’s a little obnoxious. 

I’m hoping these issues can get resolved but if not, I’m seriously considering deleting the app. One big reason I haven’t is because this is the main means of communication for a few long distance friends. If not for this, would’ve deleted this app awhile ago.",2,us,adkchick,2022-10-17T04:07:06Z,"Gone Downhill. Used to love the app, not so much anymore. The amount of ads that are on my feed seems to be about 10x more than the actual content of people I’m following. I have to continuously scroll to even begin to see what my friends and family have posted, the top of the page is filled with ads and shop material, none of which I’m interested in. It’s not uncommon for one of these ads to be for a food joint that is only on the west coast, even though I live on the east coast and have never (nor will I) be going to this establishment. It’s also ridiculous to me that on my feed I see content from random pages I have zero interest in viewing and have never viewed, rather than displaying the accounts I’m following. Due to this, I’ll end up seeing a post from a friend three days after they posted it rather than seeing it that same night. I’m also having a major issue with the FYP. Before it was curated to postings similar to what I viewed/liked. Now it’s a tossup; it’s either super generic Instagram formulated landscape picture accounts or full of things I have no interest in, such as reality TV stars and shows or gossip rag magazines. I don’t mind the occasional post popping up but when my entire FYP is full of things that I have ZERO interest in, it’s a little obnoxious. I’m hoping these issues can get resolved but if not, I’m seriously considering deleting the app. One big reason I haven’t is because this is the main means of communication for a few long distance friends. If not for this, would’ve deleted this app awhile ago."
10688170385,Facebook is terrible they’ve been attacking me,"Facebook is absolutely terrible. They’ve been attacking me for no reason they’ve been unfair. They’ve been totally unfair for no reason I have made no comments they have been absolutely terrible. They are terrible people everything I said is 100% true they just don’t wanna hear the truth. They don’t wanna hear the truth about Facebook. They are a terrible terrible company the people that run it the upper employees should be fired and new people put in met are terrible people they are fake and they choose the people they want on. They have been attacking me and I am a person that feeds the homeless and they’ve been taking down my post to donate to my cash app so I can feed the homeless and get the homeless and drug addicts food and medication they have been terrible. Facebook has been 100% terrible. Facebook has been 100% terrible. They have blocked my cash app account so I cannot receive the proper funds to donate money to the homeless. They have blocked my account so I cannot receive money to my cash app to feed the homeless people get rid of assault rifles and stop this war. They have blocked my messages. They are terrible terrible people Facebook upper employees should be all fired, and new set of people put in there from Instagram Instagram has been fair to me, Facebook has not. They are terrible people and the upper ones that look at your ads for some reason has been totally unfair to me. They have to be fired and fired now before Facebook loses all of its followers and it should be done right now",5,us,The savior of life for God,2023-12-13T03:11:26Z,"Facebook is terrible they’ve been attacking me. Facebook is absolutely terrible. They’ve been attacking me for no reason they’ve been unfair. They’ve been totally unfair for no reason I have made no comments they have been absolutely terrible. They are terrible people everything I said is 100% true they just don’t wanna hear the truth. They don’t wanna hear the truth about Facebook. They are a terrible terrible company the people that run it the upper employees should be fired and new people put in met are terrible people they are fake and they choose the people they want on. They have been attacking me and I am a person that feeds the homeless and they’ve been taking down my post to donate to my cash app so I can feed the homeless and get the homeless and drug addicts food and medication they have been terrible. Facebook has been 100% terrible. Facebook has been 100% terrible. They have blocked my cash app account so I cannot receive the proper funds to donate money to the homeless. They have blocked my account so I cannot receive money to my cash app to feed the homeless people get rid of assault rifles and stop this war. They have blocked my messages. They are terrible terrible people Facebook upper employees should be all fired, and new set of people put in there from Instagram Instagram has been fair to me, Facebook has not. They are terrible people and the upper ones that look at your ads for some reason has been totally unfair to me. They have to be fired and fired now before Facebook loses all of its followers and it should be done right now"
10856036824,literally you get blocked for any little comment you make it’s ridiculous,"i’m really confused because I’m constantly going to the comment section of videos and seeing so much negativity and rudeness and disrespect and out-of-pocket comments that never get reported and never get taken down. I literally have a screenshot of the comment that I made that got me banned for an entire week. I watched a video with this girl said to comment your craziest story related to what she was going through. I commented and told the story about how my best friend and her boyfriend, met and it was literally a two sentence story about how he was a regular for years and after she quit, they ran into each other years later. My comment literally got taken down right away and I am not to comment or message anybody for an entire week???!!?!!?!! like be fr ??? that is so annoying like I’d rather use Twitter or Facebook for that matter, or just get off of the internet instead of being restricted for literally no reason… like people will post some really out of pocket and inappropriate nudity or race schism and literally never get reported or band or anything, and I share a stupid story about how my best friend and her boyfriend, met as a crazy coincidence and have been dating for a while, and I get reported and taken down like that, makes absolutely no sense. I literally also never comment, I just had a really similar story to the video and decided to share and was immediately banned. It’s so ridiculous.",1,us,Micshilee,2024-01-23T20:16:18Z,"literally you get blocked for any little comment you make it’s ridiculous. i’m really confused because I’m constantly going to the comment section of videos and seeing so much negativity and rudeness and disrespect and out-of-pocket comments that never get reported and never get taken down. I literally have a screenshot of the comment that I made that got me banned for an entire week. I watched a video with this girl said to comment your craziest story related to what she was going through. I commented and told the story about how my best friend and her boyfriend, met and it was literally a two sentence story about how he was a regular for years and after she quit, they ran into each other years later. My comment literally got taken down right away and I am not to comment or message anybody for an entire week???!!?!!?!! like be fr ??? that is so annoying like I’d rather use Twitter or Facebook for that matter, or just get off of the internet instead of being restricted for literally no reason... like people will post some really out of pocket and inappropriate nudity or race schism and literally never get reported or band or anything, and I share a stupid story about how my best friend and her boyfriend, met as a crazy coincidence and have been dating for a while, and I get reported and taken down like that, makes absolutely no sense. I literally also never comment, I just had a really similar story to the video and decided to share and was immediately banned. It’s so ridiculous."
12205455284,Worst app,"Insta has always been about sharing. Sharing your own pictures, and sharing friends or mutual's work too. The newest update makes the latter impossible and tedious. Instead of being able to simply tap the airplane icon next to a post, and then posting it to your story, you have to back out of it, go to your story, set up a new ""create"" post, and add a reshare sticker. This makes resharing on the fly incredibly annoying. It slows the spread of posts, and is basically discouraging people from sharing others work in the first place. This is detrimental to communities like activists, artists (who you don't seem to care much about anyways), content creators, and more. You are effective killing the main source communication and collaboration within your app. Whether you think videos are the hit new thing or not, you ARE NOT TIKTOK. Stay in your lane, or you'll lose every loyal user. If you're trying to be something completely new, then make a new app, and leave Insta alone! Nobody comes to Instagram expecting TikTok like content, and that will never change no matter how hard you push that type of content. If you actually care about the stability of your user base, and the Insta community as a whole, please return the old resharing. You can keep your Reels, sure, I don't care, but removing the biggest part of your app in hopes that it will make everyone want to only look at Reels content is a terrible idea.",1,us,Benji Cervantez,2025-01-19T22:46:31Z,"Worst app. Insta has always been about sharing. Sharing your own pictures, and sharing friends or mutual's work too. The newest update makes the latter impossible and tedious. Instead of being able to simply tap the airplane icon next to a post, and then posting it to your story, you have to back out of it, go to your story, set up a new ""create"" post, and add a reshare sticker. This makes resharing on the fly incredibly annoying. It slows the spread of posts, and is basically discouraging people from sharing others work in the first place. This is detrimental to communities like activists, artists (who you don't seem to care much about anyways), content creators, and more. You are effective killing the main source communication and collaboration within your app. Whether you think videos are the hit new thing or not, you ARE NOT TIKTOK. Stay in your lane, or you'll lose every loyal user. If you're trying to be something completely new, then make a new app, and leave Insta alone! Nobody comes to Instagram expecting TikTok like content, and that will never change no matter how hard you push that type of content. If you actually care about the stability of your user base, and the Insta community as a whole, please return the old resharing. You can keep your Reels, sure, I don't care, but removing the biggest part of your app in hopes that it will make everyone want to only look at Reels content is a terrible idea."
12922568473,Pretty alright :),"Instagram has been a pretty positive platform for me, it’s where I can go to find a lot of communities with my same hobbies and interests, and can send my friends endless memes… that being said I wish I could give this app a 5 star, but ever since it dropped its standards on what is allowed to be shown and not allowed, it’s become a very negative space for myself and many other people. By this I mean I’ve reported many accounts who would post videos of themselves in paper thin shirts dousing water on themselves and leaving NOTHING to anyone’s imagination. Or a video of someone clearly not wearing anything below and you could see everything, but because she was wearing mesh over her “private” it was considered decent. These new guidelines help only fans creators which I have no quarrels with, it’s none of my business what they do with their lives, but I did not want to see that, and it’s continuously popping up on my feed, if they could at least create something where it’s censored with any content like that or the whole account be censored so that people know what they’re getting into that would be great, but as of now “your report has been processed and no action was taken.” Guys, there are minors on this page, they are consuming soft core 🌽 as the government adjusts its laws this will soon become a very big liability, and I hope Instagram does something about this.",3,us,G(irl)W(ith)N(no)N(name),2025-07-22T13:24:43Z,"Pretty alright :). Instagram has been a pretty positive platform for me, it’s where I can go to find a lot of communities with my same hobbies and interests, and can send my friends endless memes... that being said I wish I could give this app a 5 star, but ever since it dropped its standards on what is allowed to be shown and not allowed, it’s become a very negative space for myself and many other people. By this I mean I’ve reported many accounts who would post videos of themselves in paper thin shirts dousing water on themselves and leaving NOTHING to anyone’s imagination. Or a video of someone clearly not wearing anything below and you could see everything, but because she was wearing mesh over her “private” it was considered decent. These new guidelines help only fans creators which I have no quarrels with, it’s none of my business what they do with their lives, but I did not want to see that, and it’s continuously popping up on my feed, if they could at least create something where it’s censored with any content like that or the whole account be censored so that people know what they’re getting into that would be great, but as of now “your report has been processed and no action was taken.” Guys, there are minors on this page, they are consuming soft core 🌽 as the government adjusts its laws this will soon become a very big liability, and I hope Instagram does something about this."
5985955853,Don’t Be Too Active,"I’ve been an Instagram user for 5+ years and have never run into an issue until I created a page in order to recommend shows. It’s a passion of mine so I decided to share that passion with likeminded people. I created the page, followed similar pages, and was very active within this niche community. The problems soon started as I tried to supper countless pages and their respective posts. Apparently, Instagram has it in their algorithm to limit the amount of actions a user can make over a given period of time. I understand that they’re trying to get rid of bots and clean up the app. However, it truly does active users a disservice by not only dictating the number of actions they can take, but also also banning them for exceeding this magic number. In that span of a month, I’ve been banned twice for unintentionally exceeding this tally, and placed on a week-long ban. Furthermore, it displays a message claiming that I used a third-party application in order to increase my following. What could be more insulting than questioning both my integrity and hardwork?! It’s absolutely astonishing to see this wildly successful app incapable of producing an algorithm that helps it differentiate between bot activity and an overly zealous Instagram user who wants to grow his page. I can help but be discouraged by this ban and it makes me question whether I want to continue using this application seeing the path it continues to travel down. To add insult to injury, when I tell them they’ve made a mistake in countless messages to the Help Center (which provides no help at all), I’m stuck in limbo waiting for a reply that will never come. It’s shocking to see. I expect more from Instagram , but a one-star rating still seems too kind given my treatment thus far.",5,us,Jona2394,2020-05-24T02:16:23Z,"Don’t Be Too Active. I’ve been an Instagram user for 5+ years and have never run into an issue until I created a page in order to recommend shows. It’s a passion of mine so I decided to share that passion with likeminded people. I created the page, followed similar pages, and was very active within this niche community. The problems soon started as I tried to supper countless pages and their respective posts. Apparently, Instagram has it in their algorithm to limit the amount of actions a user can make over a given period of time. I understand that they’re trying to get rid of bots and clean up the app. However, it truly does active users a disservice by not only dictating the number of actions they can take, but also also banning them for exceeding this magic number. In that span of a month, I’ve been banned twice for unintentionally exceeding this tally, and placed on a week-long ban. Furthermore, it displays a message claiming that I used a third-party application in order to increase my following. What could be more insulting than questioning both my integrity and hardwork?! It’s absolutely astonishing to see this wildly successful app incapable of producing an algorithm that helps it differentiate between bot activity and an overly zealous Instagram user who wants to grow his page. I can help but be discouraged by this ban and it makes me question whether I want to continue using this application seeing the path it continues to travel down. To add insult to injury, when I tell them they’ve made a mistake in countless messages to the Help Center (which provides no help at all), I’m stuck in limbo waiting for a reply that will never come. It’s shocking to see. I expect more from Instagram , but a one-star rating still seems too kind given my treatment thus far."
9754953050,Just the worst,"I am going to preface this by saying my first social media platform was TikTok. I got Instagram after because a few of my friends had it but also to advertise a bit for a project I’m working on. I mentioned my first social was TikTok because if you have TikTok you know how honest and raw the content there is, open honesty, no fancy editing for the most part, and there are accounts that use the fancy editing and airbrush their content but it isn’t all like that. I thought all social media was like this, a really good atmosphere with engaging community and fluid communication. I was dead wrong. Instagram just feels like an ad website for celebrities and their pets. And outdated memes OCCASIONALLY. It gives you no clues about how to work with the algorithm like TikTok does so since I got it only three people have seen my page and it was because I told them about it. When I try to search for the type of content I want it gives me maybe ten relevant posts to look at but it doesn’t change my feed at all so what am I even supposed to do? I don’t care about all of these celebrities I’ve never heard of, why would I want to see them doing the awkward side hug posing for a photo? Anyway, I am deleting the app. I thought the point of a SOCIAL media was to be SOCIAL and MEET people with similar interests to yours. TikTok did that to me, Instagram just wants to airbrush me out, and I’m fine with that. Also Meta is a joke that identifies as a company, they just want money and don’t care about user experience.",1,us,EmollientFir,2023-03-26T18:26:48Z,"Just the worst. I am going to preface this by saying my first social media platform was TikTok. I got Instagram after because a few of my friends had it but also to advertise a bit for a project I’m working on. I mentioned my first social was TikTok because if you have TikTok you know how honest and raw the content there is, open honesty, no fancy editing for the most part, and there are accounts that use the fancy editing and airbrush their content but it isn’t all like that. I thought all social media was like this, a really good atmosphere with engaging community and fluid communication. I was dead wrong. Instagram just feels like an ad website for celebrities and their pets. And outdated memes OCCASIONALLY. It gives you no clues about how to work with the algorithm like TikTok does so since I got it only three people have seen my page and it was because I told them about it. When I try to search for the type of content I want it gives me maybe ten relevant posts to look at but it doesn’t change my feed at all so what am I even supposed to do? I don’t care about all of these celebrities I’ve never heard of, why would I want to see them doing the awkward side hug posing for a photo? Anyway, I am deleting the app. I thought the point of a SOCIAL media was to be SOCIAL and MEET people with similar interests to yours. TikTok did that to me, Instagram just wants to airbrush me out, and I’m fine with that. Also Meta is a joke that identifies as a company, they just want money and don’t care about user experience."
8887988503,Invasion of privacy,We’ve all heard how Facebook sells your information and has no privacy practices Nana Facebook owns Instagram the same house true here. Through the counter that’s twice that hello to me that I never answered because it was obviously a spam or messed up account person was selling some kind of road diet today I got a parcel in the mail urgent fresh today expiration over now I thought it might be some kind of poison I opened it outdoors it was food had Mayer new address new apartment number etc. only place they could’ve had that information from would be from Instagram because that person has an account right here and there’s no one to complain about unless I wanna start with a federal government and as I think with these claims have to go because Instagram is not interested Martha Zuckerberg is a cretin who won’t this is a penny involved he’s not gonna do anything about anything he’s just a bad human being. Install Facebook from his roommate and he has bad practice is there any other practices on Instagram watch out what information you give to Zuckerberg on Facebook and he owns it this too don’t give him any information just don’t give it to him because he gives it out to marketers then cellular your information and send you for a product if I see anything on my charger that I am going to then go to the government,5,us,Excellent714,2022-07-18T23:15:39Z,Invasion of privacy. We’ve all heard how Facebook sells your information and has no privacy practices Nana Facebook owns Instagram the same house true here. Through the counter that’s twice that hello to me that I never answered because it was obviously a spam or messed up account person was selling some kind of road diet today I got a parcel in the mail urgent fresh today expiration over now I thought it might be some kind of poison I opened it outdoors it was food had Mayer new address new apartment number etc. only place they could’ve had that information from would be from Instagram because that person has an account right here and there’s no one to complain about unless I wanna start with a federal government and as I think with these claims have to go because Instagram is not interested Martha Zuckerberg is a cretin who won’t this is a penny involved he’s not gonna do anything about anything he’s just a bad human being. Install Facebook from his roommate and he has bad practice is there any other practices on Instagram watch out what information you give to Zuckerberg on Facebook and he owns it this too don’t give him any information just don’t give it to him because he gives it out to marketers then cellular your information and send you for a product if I see anything on my charger that I am going to then go to the government
8929002521,WHAT ITS LIKE TO BOMB ON THE INTERNET,"Instagram has been a very stable platform for me for years. I loved using it as an online photo album. Recently i have noticed a change in their “algorithm”. I followed many pages both related to cars and alternative women, typical for most people my age. Every time i opened this app, i only saw women. Every single time, first post i had seen. I have spent days unfollowing 1000 pages including models and pages that sponsor common trendy audios and edit clips. I now follow less than 1000 people, and my page feed has shifted drastically. 
Now, instagram, has decided that the other 850 people that i follow are no longer worthy of my feed and it still shows me ONLY WOMEN AND CARS. regardless if i follow them, i dont see any pages i actually do follow and my feed has become only suggested posts that get more attention on their “algorithm” from people that dont follow them already, than the people that follow the pages i do.
This has been the biggest downslope of changes ive seen on an app more so than it becoming unavailable. Losing facebook from my phone was okay for me. It seems to near the time for instagram to go as well. Do not download. This will eat your life, waste your time, and show you an add every 4th post in your page.",5,us,Gods will in human form,2022-07-31T01:59:36Z,"WHAT ITS LIKE TO BOMB ON THE INTERNET. Instagram has been a very stable platform for me for years. I loved using it as an online photo album. Recently i have noticed a change in their “algorithm”. I followed many pages both related to cars and alternative women, typical for most people my age. Every time i opened this app, i only saw women. Every single time, first post i had seen. I have spent days unfollowing 1000 pages including models and pages that sponsor common trendy audios and edit clips. I now follow less than 1000 people, and my page feed has shifted drastically. Now, instagram, has decided that the other 850 people that i follow are no longer worthy of my feed and it still shows me ONLY WOMEN AND CARS. regardless if i follow them, i dont see any pages i actually do follow and my feed has become only suggested posts that get more attention on their “algorithm” from people that dont follow them already, than the people that follow the pages i do. This has been the biggest downslope of changes ive seen on an app more so than it becoming unavailable. Losing facebook from my phone was okay for me. It seems to near the time for instagram to go as well. Do not download. This will eat your life, waste your time, and show you an add every 4th post in your page."
12203883498,Horrible algorithm took my following,"Back in 2018, my artwork went viral. In fact, many pieces went viral. People were finally starting to see my work all over the world. I was getting jobs and gaining so much traction! And that’s because both my following AND non followers could see my work. I eventually gained 93 thousand followers, getting my artwork to industry professionals. This was literally something I could put on my artistic resume. 
But then 2020 rolls around, and IG decides it wants to be just like another video app. Reels are on full blast. You now have to pay to get your posts to be seen by anyone, even your own followers. Less than 1% of my followers and non followers were even seeing my work. 93k, and interactions were tanked. Then… each week, without any real idea why- I was losing a thousand followers. I wasn’t doing anything different, but the following was drifting away. No one could see my art. Eventually I made a new IG and tried to get everyone over to that one, and then… I could never access that other page again. I go back and check it… it’s following swindled by over 30k. But I will never be able to access it again. I tried contacting IG to no luck. I proved myself the owner to no luck. Needless to say… this affected my jobs. 
The algorithm change screwed artists. We had to search for a new home, and there’s been nothing. Everything either has no traction or it has ai. Instagram screwed a huge chunk of its base.",1,us,Bregotham,2025-01-19T15:03:20Z,"Horrible algorithm took my following. Back in 2018, my artwork went viral. In fact, many pieces went viral. People were finally starting to see my work all over the world. I was getting jobs and gaining so much traction! And that’s because both my following AND non followers could see my work. I eventually gained 93 thousand followers, getting my artwork to industry professionals. This was literally something I could put on my artistic resume. But then 2020 rolls around, and IG decides it wants to be just like another video app. Reels are on full blast. You now have to pay to get your posts to be seen by anyone, even your own followers. Less than 1% of my followers and non followers were even seeing my work. 93k, and interactions were tanked. Then... each week, without any real idea why- I was losing a thousand followers. I wasn’t doing anything different, but the following was drifting away. No one could see my art. Eventually I made a new IG and tried to get everyone over to that one, and then... I could never access that other page again. I go back and check it... it’s following swindled by over 30k. But I will never be able to access it again. I tried contacting IG to no luck. I proved myself the owner to no luck. Needless to say... this affected my jobs. The algorithm change screwed artists. We had to search for a new home, and there’s been nothing. Everything either has no traction or it has ai. Instagram screwed a huge chunk of its base."
13724533726,Instagram Security Overreach Locks Out Legitimate Users -Time for Transparency,"Instagram’s recent security systems seem overly aggressive and opaque, leading to many legitimate users being unable to access their accounts for days with no clear explanation or resolution path. Reports from users across the U.S. indicate that thousands of people believe flaws in Meta’s automated security and moderation tools have led to false lockouts and account suspensions. According to a recent Boston 25 Now story, “thousands of Facebook and Instagram users believe a flaw in Meta’s security AI has led to false accusations and wrongful lockouts,” with users struggling to regain access and contact support effectively.  ￼

This problem is not isolated — widespread complaints, historic pressures from state attorneys general over takeovers and lockouts, and third-party reports about usability issues highlight systemic challenges. In fact, a 2024 letter from 40 state attorneys general to Meta called for “immediate action” to better prevent account takeovers and lockouts because consumer complaints had surged sharply.  ￼ Instagram and Meta need to improve their account recovery tools, transparency on how security decisions are made, and direct human support options so that users aren’t helpless when the automated systems mistakenly block them.",5,us,boogieni houdini,2026-02-07T21:47:20Z,"Instagram Security Overreach Locks Out Legitimate Users -Time for Transparency. Instagram’s recent security systems seem overly aggressive and opaque, leading to many legitimate users being unable to access their accounts for days with no clear explanation or resolution path. Reports from users across the U.S. indicate that thousands of people believe flaws in Meta’s automated security and moderation tools have led to false lockouts and account suspensions. According to a recent Boston 25 Now story, “thousands of Facebook and Instagram users believe a flaw in Meta’s security AI has led to false accusations and wrongful lockouts,” with users struggling to regain access and contact support effectively. ￼ This problem is not isolated — widespread complaints, historic pressures from state attorneys general over takeovers and lockouts, and third-party reports about usability issues highlight systemic challenges. In fact, a 2024 letter from 40 state attorneys general to Meta called for “immediate action” to better prevent account takeovers and lockouts because consumer complaints had surged sharply. ￼ Instagram and Meta need to improve their account recovery tools, transparency on how security decisions are made, and direct human support options so that users aren’t helpless when the automated systems mistakenly block them."
9281759686,Not able to freely post my views to my new ig page!!😫,Since recently joining the ig community I haven’t been able to freely make my posts only stories and for some reason that doesn’t seem like this is what the company owes policies and security measures that have been put in place stand for!!Iam highly appalled that I cannot use my freedom of speech right which is a American constitutional amendment in the first categories and that severely impeded my progress not only as a self loving motivated human being but also as having to have been born in a country that obviously doesn’t take preventive measures too seriously to protect the constitutional rights of those that our so called forefathers brought upon us at the start of this so called great nation that was long ago put in place!!So Avalon I ask that you please look into the fact that iam not able to freely post to my ig account as I have long waited to get a ig page when I felt it the appropriate time to be able to state my views opinions and facts openly as a once again American born citizen and I do not feel that that is ok tolerable and it is extremely devastating to me not to be able to fully and throughly get any all or even some of my honest views to the drawing board and level the laying Felix of not only life but American so called dreams whether they really sit realistically or they are just illusionary measures!!Thank you very much for your help  and consideration at this extremely important time to take a step up for ourselves and the rights of all others that aren’t allowed or do not know how to appropriately share their view in any all or some manners!!,5,us,amillyrocnation,2022-11-12T13:35:12Z,Not able to freely post my views to my new ig page!!😫. Since recently joining the ig community I haven’t been able to freely make my posts only stories and for some reason that doesn’t seem like this is what the company owes policies and security measures that have been put in place stand for!!Iam highly appalled that I cannot use my freedom of speech right which is a American constitutional amendment in the first categories and that severely impeded my progress not only as a self loving motivated human being but also as having to have been born in a country that obviously doesn’t take preventive measures too seriously to protect the constitutional rights of those that our so called forefathers brought upon us at the start of this so called great nation that was long ago put in place!!So Avalon I ask that you please look into the fact that iam not able to freely post to my ig account as I have long waited to get a ig page when I felt it the appropriate time to be able to state my views opinions and facts openly as a once again American born citizen and I do not feel that that is ok tolerable and it is extremely devastating to me not to be able to fully and throughly get any all or even some of my honest views to the drawing board and level the laying Felix of not only life but American so called dreams whether they really sit realistically or they are just illusionary measures!!Thank you very much for your help and consideration at this extremely important time to take a step up for ourselves and the rights of all others that aren’t allowed or do not know how to appropriately share their view in any all or some manners!!
11493161797,Account Making,"Now I will be completely honest with everyone who reads this review

Whoever is new coming to instagram be prepared for the difficult understanding of the app. I am a long time user of this platform and I believe there no problem with instagram besides one thing, it’s their making account process. I have been trying to make an back up account for myself for the last 2 hours and I have been getting to the same spot over and over. When I was making the account at first the app wasn’t letting me make an account. So I decide to use their website and the website let me make the account and log into the account as well but the app it wouldn’t let me make not log in. I have tried many different methods like changing the password, using the digital code(which is supposed to be 6 number digit but I got an email sent with 8 digits.) On top of that the link they sent didn’t work as well. The only time I did log onto the account was when I had to go into the app and log on through the website on the app. When that happened I still couldn’t get on the account and then I thought maybe the link would work since I already have the account connect to the meta thing. Then when I do that I get logged out of both of the account. This is totally unacceptable and unprofessional service from the developer behalf because making account is the main key of the whole instagram and it don’t make sense why it’s so bugged.",1,us,ISO__Taytay,2024-07-14T19:10:40Z,"Account Making. Now I will be completely honest with everyone who reads this review Whoever is new coming to instagram be prepared for the difficult understanding of the app. I am a long time user of this platform and I believe there no problem with instagram besides one thing, it’s their making account process. I have been trying to make an back up account for myself for the last 2 hours and I have been getting to the same spot over and over. When I was making the account at first the app wasn’t letting me make an account. So I decide to use their website and the website let me make the account and log into the account as well but the app it wouldn’t let me make not log in. I have tried many different methods like changing the password, using the digital code(which is supposed to be 6 number digit but I got an email sent with 8 digits.) On top of that the link they sent didn’t work as well. The only time I did log onto the account was when I had to go into the app and log on through the website on the app. When that happened I still couldn’t get on the account and then I thought maybe the link would work since I already have the account connect to the meta thing. Then when I do that I get logged out of both of the account. This is totally unacceptable and unprofessional service from the developer behalf because making account is the main key of the whole instagram and it don’t make sense why it’s so bugged."
7756816551,the new repost sticker,"this reveiw is not targeted towards instagram as a whole. i love the app, it’s great and i use it consistently. but this new beta tester update thing. whatever it is, i’m gonna be frank with you guys, i want it gone. atleast from my account/device. i don’t like it. i read on an article that you guys made that reshare button so people can be more creative with their stories when they re-post other peoples posts onto their story, but i find it very inconvenient and unnecessary to have to ALWAYS do that. there should at least be an option to not have to. you guys should’ve kept the old re-share button incase people don’t want to make it their own and ‘make it fancy’. the old re-share button used to be under the post. you would press the send button as if you were sending it to someone and then you would press ‘share to story’ and it would work just perfectly. with the old re-share button under the post, when you shared it to your story, it would immediately make the background match with the photo (whether it was with a gradient or a solid color but it would automatically make it match with the post you were sharing) but now that the re-share sticker button exists, the background doesn’t match with the photo when you re-share the post. it’s gray or white or rainbow and i don’t like that because it makes my story look strange and to be honest kind of dumb. it seems like this update is a beta testing feature kind of thing. like a test of some sort because half of the people i know don’t have it, and i do.",1,us,I would like to request,2021-08-31T23:35:53Z,"the new repost sticker. this reveiw is not targeted towards instagram as a whole. i love the app, it’s great and i use it consistently. but this new beta tester update thing. whatever it is, i’m gonna be frank with you guys, i want it gone. atleast from my account/device. i don’t like it. i read on an article that you guys made that reshare button so people can be more creative with their stories when they re-post other peoples posts onto their story, but i find it very inconvenient and unnecessary to have to ALWAYS do that. there should at least be an option to not have to. you guys should’ve kept the old re-share button incase people don’t want to make it their own and ‘make it fancy’. the old re-share button used to be under the post. you would press the send button as if you were sending it to someone and then you would press ‘share to story’ and it would work just perfectly. with the old re-share button under the post, when you shared it to your story, it would immediately make the background match with the photo (whether it was with a gradient or a solid color but it would automatically make it match with the post you were sharing) but now that the re-share sticker button exists, the background doesn’t match with the photo when you re-share the post. it’s gray or white or rainbow and i don’t like that because it makes my story look strange and to be honest kind of dumb. it seems like this update is a beta testing feature kind of thing. like a test of some sort because half of the people i know don’t have it, and i do."
